source_wine_id,canonical_wine_id,lane,confidence,review_state,recommended_action,score,gap,source_stratum,source_nome,source_produtor,source_safra,source_tipo,canonical_nome,canonical_produtor,canonical_safra,canonical_tipo,channels,evidence_reason,source_wine_sources_count,source_stores_count,y2_status_set,y2_match_score_max,y2_any_not_wine_or_spirit,qa_required,qa_sample_rate,qa_verdict,qa_notes,reviewer
1907650,250179,ALIAS_AUTO,HIGH,RESOLVED,ALIAS,0.8187,0.1312,S2_NO_SOURCE,"2022 Château Sainte Anne, Côtes de Provence Rouge","Château Sainte Anne, Côtes",2022,tinto,cotes de provence rouge,chateau de la tour sainte anne,,tinto,token_index,strong_name_and_producer_overlap,0,0,new,,0,1,0.05,,,
1913030,403945,ALIAS_AUTO,HIGH,RESOLVED,ALIAS,0.5278,0.5278,S2_NO_SOURCE,"2022 Vins Gigou Pineau d'Aunis ""L'Ancêtre"", Coteaux du Loir",Vins Gigou Pineau,2022,tinto,coteaux du loir pineau daunis,domaine gigou,,tinto,token_index,strong_name_token_overlap>=2,0,0,new,,0,1,0.05,,,
1933554,134708,ALIAS_AUTO,HIGH,RESOLVED,ALIAS,0.7750,0.7750,S2_NO_SOURCE,Pra Soave Classico 'Monte Grande',Pra Soave,2020,branco,monte grande soave classico,pra,,branco,token_index,strong_name_token_overlap>=2,0,0,new,,0,1,0.05,,,
1919162,229527,ALIAS_AUTO,HIGH,RESOLVED,ALIAS,0.7750,0.2167,S3_NO_LINEAGE_OR_ORPHAN,2024 Saint Clair Origin Pinot Noir,2024 saint clair,2024,tinto,origin pinot noir,saint clair family estate,,tinto,token_index,strong_name_token_overlap>=2,8,8,,,0,1,0.05,,,
1908787,627240,ALIAS_AUTO,HIGH,RESOLVED,ALIAS,0.7200,0.7200,S4_MULTI_CLEAN_OR_AMBIG_LINEAGE,Vieux Chateau Certan Pomerol 2016,Vieux Chateau Certan,2016,,la gravette de certan pomerol,vieux chateau certan,,tinto,token_index,strong_name_and_producer_overlap,2,2,duplicate|new,,0,1,0.05,,,
1928955,70884,ALIAS_AUTO,HIGH,RESOLVED,ALIAS,0.5200,0.5200,S4_MULTI_CLEAN_OR_AMBIG_LINEAGE,2020 Barolo Pittatore Bric Cenciurio,,2020,tinto,barolo pittatore,bric cenciurio,,tinto,token_index,name_and_source_to_canonical_producer,1,1,matched|new,0.3,0,1,0.05,,,
1938026,1482307,ALIAS_AUTO,HIGH,RESOLVED,ALIAS,0.6375,0.6375,S4_MULTI_CLEAN_OR_AMBIG_LINEAGE,Raza Vinho Verde 2024,Raza,2024,branco,vicinus vinho verde,quinta da raza,,Branco,token_index,strong_name_and_producer_overlap,1,1,matched|new,0.5,0,1,0.05,,,
1897452,419524,ALIAS_AUTO,HIGH,RESOLVED,ALIAS,0.5200,0.5200,S5_SOURCE_RICH_STRUCTURED,Vino di Anna Palmento Rosso,,,tinto,palmento,vino di anna,,tinto,token_index,name_and_source_to_canonical_producer,3,3,new,,0,1,0.05,,,
1898407,841762,ALIAS_AUTO,HIGH,RESOLVED,ALIAS,0.7500,0.7500,S5_SOURCE_RICH_STRUCTURED,Vinkara Minoj,Vinkara Minoj,,,minoj kalecik karas rose,vinkara winery,,rose,token_index,strong_name_and_producer_overlap,8,8,new,,0,1,0.05,,,
1899384,88193,ALIAS_AUTO,HIGH,RESOLVED,ALIAS,0.6500,0.6500,S5_SOURCE_RICH_STRUCTURED,Vinho Verde Calamares Branco,,,branco,vinho verde branco,calamares,,branco,token_index,name_and_source_to_canonical_producer,4,4,new,,0,1,0.05,,,
1905208,255822,ALIAS_AUTO,HIGH,RESOLVED,ALIAS,0.5571,0.5571,S5_SOURCE_RICH_STRUCTURED,Vinho El Porvenir Amauta Corte III Reflexión,,,,amauta corte iii reflexion malbec cabernet,bodega el porvenir de cafayate,,tinto,token_index,strong_name_token_overlap>=2,3,1,new,,0,1,0.05,,,
1906000,494780,ALIAS_AUTO,HIGH,RESOLVED,ALIAS,0.5417,0.5417,S5_SOURCE_RICH_STRUCTURED,Vinho De Grendel Shiraz e Petit Verdot,,,tinto,shiraz petit verdot,de grendel,,tinto,token_index,strong_name_token_overlap>=2,3,1,new,,0,1,0.05,,,
1906512,87998,ALIAS_AUTO,HIGH,RESOLVED,ALIAS,0.5250,0.5250,S5_SOURCE_RICH_STRUCTURED,Vignobles Philippe Mercadier - Confidences de Tuyttens - AOP Sauternes - Weiß - 2019,Vignobles Philippe Mercadier,2019,,chateau tuyttens sauternes,vignobles philippe mercadier,,Sobremesa,token_index,strong_name_and_producer_overlap,3,2,new,,0,1,0.05,,,
1906799,1242316,ALIAS_AUTO,HIGH,RESOLVED,ALIAS,0.8000,0.1300,S5_SOURCE_RICH_STRUCTURED,Vignoble de Boisseyt Syrah Confluence,Vignoble,,tinto,confluence syrah,vignoble de boisseyt,,tinto,token_index,strong_name_token_overlap>=2,3,3,new,,0,1,0.05,,,
1906831,161976,ALIAS_AUTO,HIGH,RESOLVED,ALIAS,0.7533,0.7533,S5_SOURCE_RICH_STRUCTURED,Vignoble Brisebarre Vouvray Brut NV,Vignoble Brisebarre Vouvray,,espumante,cuvee millesimee vouvray brut,vignoble brisebarre,,espumante,token_index,strong_name_and_producer_overlap,3,2,new,,0,1,0.05,,,
1908522,1391459,ALIAS_AUTO,HIGH,RESOLVED,ALIAS,0.5667,0.1084,S5_SOURCE_RICH_STRUCTURED,Van Volxem Volz GG 2022 MG,Van Volxem Volz,2022,,volz gg riesling,van volxem,,branco,token_index,strong_name_and_producer_overlap,7,3,new,,0,1,0.05,,,
1908847,579450,ALIAS_AUTO,HIGH,RESOLVED,ALIAS,0.6156,0.6156,S5_SOURCE_RICH_STRUCTURED,"2022 Domaine du Comte Liger Belair, Nuits-Saint-Georges Premier Cru, Clos des Grandes Vignes Rouge",Domaine du Comte Liger,2022,tinto,nuitssaintgeorges premier cru clos des grandes vignes,domaine du comte ligerbelair,,tinto,token_index,strong_name_and_producer_overlap,3,3,new,,0,1,0.05,,,
1909381,950017,ALIAS_AUTO,HIGH,RESOLVED,ALIAS,0.5687,0.5687,S5_SOURCE_RICH_STRUCTURED,"2022, Domaine de Villaine, RULLY, 'Les Champs Cloux'",,2022,tinto,rully 1er cru les champs cloux,domaine a et p de villaine,2023,tinto,token_index,strong_name_token_overlap>=2,3,3,new,,0,1,0.05,,,
1912604,682453,ALIAS_AUTO,HIGH,RESOLVED,ALIAS,0.5900,0.5900,S5_SOURCE_RICH_STRUCTURED,2022 Domaine Ghislaine Barthod Chambolle Musigny 1er Cru Aux Combottes,Domaine Ghislaine Barthod Chambolle,2022,tinto,chambollemusigny 1er cru aux combottes,ghislaine barthod,,tinto,token_index,strong_name_and_producer_overlap,3,2,new,,0,1,0.05,,,
1912924,110902,ALIAS_AUTO,HIGH,RESOLVED,ALIAS,0.7750,0.7750,S5_SOURCE_RICH_STRUCTURED,2022 Nicole Lamarche Echezeaux Grand Cru,Nicole Lamarche Echezeaux,2022,tinto,echezeaux grand cru,domaine nicole lamarche francois lamarche,,tinto,token_index,strong_name_and_producer_overlap,3,2,new,,0,1,0.05,,,
1914530,1276803,ALIAS_AUTO,HIGH,RESOLVED,ALIAS,0.7875,0.7875,S5_SOURCE_RICH_STRUCTURED,Paul Prieur et Fils Bulles de Pinot 2023,Paul Prieur,2023,espumante,bulles de pinot,paul prieur fils,,espumante,token_index,strong_name_token_overlap>=2,3,3,new,,0,1,0.05,,,
1920552,1729143,ALIAS_AUTO,HIGH,RESOLVED,ALIAS,0.7533,0.3266,S5_SOURCE_RICH_STRUCTURED,Val Conde Macabeo Verdejo 2024,Val Conde Macabeo,2024,branco,macabeo verdejo,val conde,,Branco,token_index,strong_name_token_overlap>=2,3,2,new,,0,1,0.05,,,
1933581,683057,ALIAS_AUTO,HIGH,RESOLVED,ALIAS,0.8833,0.8833,S5_SOURCE_RICH_STRUCTURED,Simone Capecci Tufilla Passerina,Simone Capecci Tufilla,,branco,tufilla passerina,simone capecci,,branco,token_index,strong_name_token_overlap>=2,5,4,new,,0,1,0.05,,,
1935194,31373,ALIAS_AUTO,HIGH,RESOLVED,ALIAS,0.8833,0.8833,S5_SOURCE_RICH_STRUCTURED,PRIMA (San Roman),PRIMA (San Roman),,tinto,prima,bodegas san roman,,tinto,token_index,strong_name_and_producer_overlap,3,3,new,,0,1,0.05,,,
1885869,217641,ALIAS_AUTO,HIGH,RESOLVED,ALIAS,0.6250,0.6250,S6_GENERAL_REMAINDER,von Winning Riesling Kirchenstück GG VDP Grosse Lage,von Winning,,branco,kirchenstuck gg,von winning,,branco,token_index,strong_name_and_producer_overlap,1,1,new,,0,1,0.05,,,
1885870,112807,ALIAS_AUTO,HIGH,RESOLVED,ALIAS,0.6250,0.6250,S6_GENERAL_REMAINDER,Von Winning Riesling Kalkofen Grosses Gewächs,Von Winning,,branco,deidesheimer kalkofen gg,von winning,,branco,token_index,strong_name_and_producer_overlap,1,1,new,,0,1,0.05,,,
1886256,1415748,ALIAS_AUTO,HIGH,RESOLVED,ALIAS,0.5729,0.5729,S6_GENERAL_REMAINDER,Vl Vidal Pagos De Vallavendimia La Oxidativa Nv,Vl Vidal Pagos,,branco,pagos de villavendimia la oxidativa,vidal soblechero,,branco,token_index,strong_name_token_overlap>=2,1,1,new,,0,1,0.05,,,
1886456,295210,ALIAS_AUTO,HIGH,RESOLVED,ALIAS,0.6542,0.6542,S6_GENERAL_REMAINDER,Vivlia Chora Ovilos Red,Vivlia Chora Ovilos,,tinto,ovilos red,ktima biblia chora,,tinto,token_index,strong_name_and_producer_overlap,1,1,new,,0,1,0.05,,,
1887958,2689,ALIAS_AUTO,HIGH,RESOLVED,ALIAS,0.5417,0.5417,S6_GENERAL_REMAINDER,VINO TENUTA SAN GUIDO LE DIFESE,,,,le difese,tenuta san guido,2018,tinto,token_index,name_and_source_to_canonical_producer,2,2,new,,0,1,0.05,,,
1888562,1614728,ALIAS_AUTO,HIGH,RESOLVED,ALIAS,0.5417,0.5417,S6_GENERAL_REMAINDER,Vino rosado Early Harvest Ramón Bilbao,,,rose,edicion limitada early harvest rosado,ramon bilbao,,Rosé,token_index,strong_name_token_overlap>=2,1,1,new,,0,1,0.05,,,
1889751,125689,ALIAS_AUTO,HIGH,RESOLVED,ALIAS,0.8688,0.1626,S6_GENERAL_REMAINDER,Trig Point Cabernet Sauvignon 'Diamond Dust Vineyard' 2023,Trig Point,2023,tinto,cabernet sauvignon diamond dust vineyard,trig point,,tinto,token_index,strong_name_token_overlap>=2,1,1,new,,0,1,0.05,,,
1889753,125689,ALIAS_AUTO,HIGH,RESOLVED,ALIAS,0.9500,0.1857,S6_GENERAL_REMAINDER,Trig Point Cabernet Sauvignon 'Diamond Dust Vineyard',Trig Point,,tinto,cabernet sauvignon diamond dust vineyard,trig point,,tinto,token_index,strong_name_token_overlap>=2,1,1,new,,0,1,0.05,,,
1889834,1392467,ALIAS_AUTO,HIGH,RESOLVED,ALIAS,0.9500,0.1083,S6_GENERAL_REMAINDER,Tribaut-Schloesser Blanc de Chardonnay Brut,Tribaut-Schloesser,,espumante,champagne vallee du brunet blanc de chardonnay extra brut,tribaut schloesser,,espumante,token_index,strong_name_and_producer_overlap,1,1,new,,0,1,0.05,,,
1890973,349078,ALIAS_AUTO,HIGH,RESOLVED,ALIAS,0.5571,0.5571,S6_GENERAL_REMAINDER,Viognier Mas Bahourat 'La Petite Parcelle' 2024,,2024,branco,la petite parcelle de viognier,domaine mas bahourat,,branco,token_index,strong_name_token_overlap>=2,1,1,new,,0,1,0.05,,,
1891129,144904,ALIAS_AUTO,HIGH,RESOLVED,ALIAS,0.5542,0.5542,S6_GENERAL_REMAINDER,Vinosia Taurasi Santandrea 2014,Vinosia Taurasi Santandrea,2014,,santandrea taurasi,vinosia luciano ercolino,,tinto,token_index,strong_name_token_overlap>=2,1,1,new,,0,1,0.05,,,
1891159,1279409,ALIAS_AUTO,HIGH,RESOLVED,ALIAS,0.7571,0.7571,S6_GENERAL_REMAINDER,Vinosia Luciano Ercolino Irpinia Aglianico Neromora 2020,Vinosia Luciano Ercolino,2020,,neromora anniversario irpinia aglianico,vinosia luciano ercolino,,tinto,token_index,strong_name_token_overlap>=2,1,1,new,,0,1,0.05,,,
1891510,1620831,ALIAS_AUTO,HIGH,RESOLVED,ALIAS,0.5396,0.5396,S6_GENERAL_REMAINDER,Vinos Gonzalo Guzman Oriundo de Itata Cinsault 2023,Vinos Gonzalo Guzman,2023,,oriundo de itata,gonzalo guzman g2,,Tinto,token_index,strong_name_token_overlap>=2,1,1,new,,0,1,0.05,,,
1891614,1300722,ALIAS_AUTO,HIGH,RESOLVED,ALIAS,0.5700,0.5700,S6_GENERAL_REMAINDER,Vinos del Viento – Aventura 2022,Vinos,2022,,aventura,vinos del viento michael cooper,,tinto,token_index,strong_name_and_producer_overlap,1,1,new,,0,1,0.05,,,
1891619,1099288,ALIAS_AUTO,HIGH,RESOLVED,ALIAS,0.6533,0.6533,S6_GENERAL_REMAINDER,Vinyes Tortuga Hunky Dory 2019,Vinyes Tortuga Hunky,2019,,hunky dory,vinyes tortuga,,tinto,token_index,strong_name_token_overlap>=2,1,1,new,,0,1,0.05,,,
1891806,798139,ALIAS_AUTO,HIGH,RESOLVED,ALIAS,0.5900,0.5900,S6_GENERAL_REMAINDER,Vinos Ambiz - ALBA Tinaja 2021,Vinos Ambiz -,2021,,alba,vinos ambiz,,branco,token_index,strong_name_and_producer_overlap,1,1,new,,0,1,0.05,,,
1891923,842468,ALIAS_AUTO,HIGH,RESOLVED,ALIAS,0.7167,0.7167,S6_GENERAL_REMAINDER,Trebbiano d’Abruzzo Biologico,Trebbiano d’Abruzzo Biologico,,,trebbiano dabbruzo biologico,abruzzo nel mondo,,branco,token_index,strong_name_token_overlap>=2,2,2,new,,0,1,0.05,,,
1892819,1524534,ALIAS_AUTO,HIGH,RESOLVED,ALIAS,0.5729,0.5729,S6_GENERAL_REMAINDER,"2020 Vincent Dureuil Janthial, Wadana En Guesnes, Rully","Vincent Dureuil Janthial,",2020,tinto,wadana rully en guesnes,domaine vincent dureuiljanthial,,Tinto,token_index,strong_name_token_overlap>=2,1,1,new,,0,1,0.05,,,
1892880,1926,ALIAS_AUTO,HIGH,RESOLVED,ALIAS,0.6542,0.6542,S6_GENERAL_REMAINDER,2020 Ridge Buchignani Carignane,Ridge Buchignani Carignane,2020,tinto,buchignani ranch carignane,ridge vineyards,,tinto,token_index,strong_name_token_overlap>=2,2,2,new,,0,1,0.05,,,
1893095,417192,ALIAS_AUTO,HIGH,RESOLVED,ALIAS,0.5750,0.5750,S6_GENERAL_REMAINDER,"2020 Tenuta Sette Cieli ""Yantra"" IGT, Tuscany, Italy","Tenuta Sette Cieli ""Yantra""",2020,tinto,yantra,tenuta dei sette cieli,,tinto,token_index,strong_name_and_producer_overlap,1,1,new,,0,1,0.05,,,
1893255,449012,ALIAS_AUTO,HIGH,RESOLVED,ALIAS,0.7327,0.7327,S6_GENERAL_REMAINDER,"2021 Domaine des Rouges-Queues Clos Roussots, Maranges Premier Cru, France",Domaine des Rouges-Queues Clos,2021,tinto,maranges 1er cru clos roussots,domaine des rouges queues,,tinto,token_index,strong_name_token_overlap>=2,1,1,new,,0,1,0.05,,,
1893258,635608,ALIAS_AUTO,HIGH,RESOLVED,ALIAS,0.7243,0.7243,S6_GENERAL_REMAINDER,2021 Domaine des Rouges-Queues l'Aligator Aligoté,Domaine des Rouges-Queues l'Aligator,2021,branco,laligator bourgogne aligote,domaine des rouges queues,,branco,token_index,strong_name_and_producer_overlap,1,1,new,,0,1,0.05,,,
1893267,582627,ALIAS_AUTO,HIGH,RESOLVED,ALIAS,0.6856,0.6856,S6_GENERAL_REMAINDER,"2021 Domaine Douhairet-Porcheret, Pommard 1er Cru Les Fremiers","Domaine Douhairet-Porcheret, Pommard 1er",2021,tinto,pommard 1er cru les fremiers,monthelie douhairet porcheret,,tinto,token_index,strong_name_and_producer_overlap,1,1,new,,0,1,0.05,,,
1893296,1543380,ALIAS_AUTO,HIGH,RESOLVED,ALIAS,0.6000,0.6000,S6_GENERAL_REMAINDER,"2021 Azienda Agricola LaLu, Le Coste di Monforte, Barolo","Azienda Agricola LaLu,",2021,tinto,le coste di monforte barolo,az agr lalu,,Tinto,token_index,strong_name_token_overlap>=2,1,1,new,,0,1,0.05,,,
1893361,477065,ALIAS_AUTO,HIGH,RESOLVED,ALIAS,0.6333,0.6333,S6_GENERAL_REMAINDER,2021 Bardos Suprema,Bardos Suprema,2021,tinto,suprema 30 meses,bodega de bardos,,tinto,token_index,strong_name_and_producer_overlap,1,1,new,,0,1,0.05,,,
1893375,368708,ALIAS_AUTO,HIGH,RESOLVED,ALIAS,0.5583,0.5583,S6_GENERAL_REMAINDER,Triton Tridente Tempranillo,Triton Tridente,,tinto,triton tinta de toro,tridente,,tinto,token_index,strong_name_and_producer_overlap,2,2,new,,0,1,0.05,,,
1893477,1109458,ALIAS_AUTO,HIGH,RESOLVED,ALIAS,0.5714,0.5714,S6_GENERAL_REMAINDER,"2021 Domaine Gregoire Hoppenot, Fleurie, Les Origines","Domaine Gregoire Hoppenot, Fleurie,",2021,tinto,fleurie origines,gregoire hoppenot,2018,tinto,token_index,strong_name_token_overlap>=2,1,1,new,,0,1,0.05,,,
1893579,227102,ALIAS_AUTO,HIGH,RESOLVED,ALIAS,0.5250,0.5250,S6_GENERAL_REMAINDER,"2021 Domaine Jean Foillard Morgon ""Eponym”, Beaujolais, France",Domaine Jean Foillard Morgon,2021,tinto,eponym morgon,jean foillard,,tinto,token_index,strong_name_token_overlap>=2,1,1,new,,0,1,0.05,,,
1893640,1308131,ALIAS_AUTO,HIGH,RESOLVED,ALIAS,0.5545,0.5545,S6_GENERAL_REMAINDER,2021 Domaine Serge Dagueneau et Filles Pouilly Fume L'Odyssee Terroir Silex,Domaine Serge Dagueneau et,2021,branco,lodyssee pouilly fume silex,serge dagueneau filles,,branco,token_index,strong_name_token_overlap>=2,1,1,new,,0,1,0.05,,,
1893725,1359974,ALIAS_AUTO,HIGH,RESOLVED,ALIAS,0.7687,0.7687,S6_GENERAL_REMAINDER,"2021 C. Thiriet, Cote de Nuits-Villages, Les Vignottes","C. Thiriet, Cote",2021,tinto,cote de nuits villages les vignottes,domaine thiriet,,tinto,token_index,strong_name_and_producer_overlap,1,1,new,,0,1,0.05,,,
1893777,554552,ALIAS_AUTO,HIGH,RESOLVED,ALIAS,0.5050,0.5050,S6_GENERAL_REMAINDER,"2021 Domaine Vincent Paris Saint-Joseph ""Les Côtes""",Domaine Vincent Paris Saint-Joseph,2021,tinto,le cent saint joseph,vincent paris,,tinto,token_index,strong_name_and_producer_overlap,1,1,new,,0,1,0.05,,,
1893990,503275,ALIAS_AUTO,HIGH,RESOLVED,ALIAS,0.9500,0.9500,S6_GENERAL_REMAINDER,Trig Point The Railyard Zinfandel,Trig Point,,tinto,zinfandel the railyard,trig point,,tinto,token_index,strong_name_token_overlap>=2,1,1,new,,0,1,0.05,,,
1894071,1012818,ALIAS_AUTO,HIGH,RESOLVED,ALIAS,0.5250,0.5250,S6_GENERAL_REMAINDER,"2021 Domaine Julien Cécillon Cornas ""Saint-Pierre"", Rhone Valley, France",Domaine Julien Cécillon Cornas,2021,tinto,saint pierre cornas,julien cecillon,,tinto,token_index,strong_name_token_overlap>=2,1,1,new,,0,1,0.05,,,
1894114,306100,ALIAS_AUTO,HIGH,RESOLVED,ALIAS,0.6133,0.6133,S6_GENERAL_REMAINDER,2021 Domaine Launay-Horiot Pommard 1er Cru Rugiens-Bas (),Domaine Launay-Horiot Pommard 1er,2021,tinto,pommard 1er cru les rugiens,domaine raymond launay,,tinto,token_index,strong_name_and_producer_overlap,1,1,new,,0,1,0.05,,,
1894167,332151,ALIAS_AUTO,HIGH,RESOLVED,ALIAS,0.5563,0.5563,S6_GENERAL_REMAINDER,"2021 Catherine et Pierre Breton ""Les Perrieres"" Bourgueil",Catherine,2021,tinto,les perrieres,domaine breton catherine pierre breton,,tinto,token_index,strong_name_and_producer_overlap,1,1,new,,0,1,0.05,,,
1894398,193725,ALIAS_AUTO,HIGH,RESOLVED,ALIAS,0.5381,0.5381,S6_GENERAL_REMAINDER,2020 Vitor Clara Dominó Monte Pratas Branco,Vitor Clara Dominó,2020,branco,domino monte pratas,vitor claro,,branco,token_index,strong_name_token_overlap>=2,1,1,new,,0,1,0.05,,,
1894422,586870,ALIAS_AUTO,HIGH,RESOLVED,ALIAS,0.5833,0.5833,S6_GENERAL_REMAINDER,O. Fournier - Urban Ribera - Tinta de pais,O. Fournier -,,tinto,tinta del pais ribera del duero,o fournier,,tinto,token_index,strong_name_token_overlap>=2,1,1,new,,0,1,0.05,,,
1894491,14836,ALIAS_AUTO,HIGH,RESOLVED,ALIAS,0.6562,0.6562,S6_GENERAL_REMAINDER,2021 Domaine de Petit Bondieu Bourgueil Le Petit Mont,Domaine de Petit Bondieu,2021,tinto,petit mont bourgueil,domaine du petit bondieu,,tinto,token_index,strong_name_token_overlap>=2,1,1,new,,0,1,0.05,,,
1894713,80494,ALIAS_AUTO,HIGH,RESOLVED,ALIAS,0.7643,0.2857,S6_GENERAL_REMAINDER,2021 Henri Germain et Fils Bourgogne-Aligote (),Henri Germain,2021,branco,bourgogne aligote,henri germain fils,,branco,token_index,strong_name_and_producer_overlap,1,1,new,,0,1,0.05,,,
1894977,351818,ALIAS_AUTO,HIGH,RESOLVED,ALIAS,0.8417,0.8417,S6_GENERAL_REMAINDER,"2021 E. Pira Chiara Boschis, Barolo ""Mosconi""",E. Pira Chiara,2021,tinto,mosconi barolo,e pira figli chiara boschis,,tinto,token_index,strong_name_and_producer_overlap,1,1,new,,0,1,0.05,,,
1895014,226290,ALIAS_AUTO,HIGH,RESOLVED,ALIAS,0.7750,0.7750,S6_GENERAL_REMAINDER,"2021 Dauvissat, Vincent Chablis Les Preuses","Dauvissat, Vincent Chablis",2021,branco,les preuses chablis grand cru,vincent dauvissat,,branco,token_index,strong_name_and_producer_overlap,1,1,new,,0,1,0.05,,,
1895135,48240,ALIAS_AUTO,HIGH,RESOLVED,ALIAS,0.7333,0.7333,S6_GENERAL_REMAINDER,"2021 Giuseppe Mascarello e Figlio Toetto Freisa Langhe, Piedmont, Italy",Giuseppe Mascarello,2021,tinto,langhe freisa toetto,mascarello giuseppe e figlio,,tinto,token_index,strong_name_token_overlap>=2,1,1,new,,0,1,0.05,,,
1895845,885084,ALIAS_AUTO,HIGH,RESOLVED,ALIAS,0.5042,0.1625,S6_GENERAL_REMAINDER,Tokaji Oremus Eszencia 1999,Tokaji Oremus Eszencia,1999,,tokaji aszu eszencia,oremus,,Sobremesa,token_index,strong_name_token_overlap>=2,1,1,new,,0,1,0.05,,,
1895888,1495147,ALIAS_AUTO,HIGH,RESOLVED,ALIAS,0.5583,0.5583,S6_GENERAL_REMAINDER,"Une Femme ""The Betty"" Brut Californian Sparkling Wine","Une Femme ""The",,espumante,the betty bubbly,une femme,,Espumante,token_index,strong_name_and_producer_overlap,1,1,new,,0,1,0.05,,,
1896304,831958,ALIAS_AUTO,HIGH,RESOLVED,ALIAS,0.5292,0.5292,S6_GENERAL_REMAINDER,"Under the Wire, Bedrock Vineyard Old Vine Sparkling Zinfandel, Sonoma, California 2019",Under,2019,espumante,bedrock vineyard sparkling zinfandel,under the wire,,espumante,token_index,strong_name_token_overlap>=2,1,1,new,,0,1,0.05,,,
1896862,1435903,ALIAS_AUTO,HIGH,RESOLVED,ALIAS,0.6214,0.6214,S6_GENERAL_REMAINDER,To Kalon Vineyard Company Elizas's Oakville 2021,To Kalon,2021,,elizas,to kalon vineyard,2021,tinto,token_index,strong_name_and_producer_overlap,1,1,new,,0,1,0.05,,,
1898400,1093869,ALIAS_AUTO,HIGH,RESOLVED,ALIAS,0.7500,0.7500,S6_GENERAL_REMAINDER,Vinkara Roze,Vinkara Roze,,,yasasin kalecik karasi roze brut,vinkara winery,,espumante,token_index,strong_name_and_producer_overlap,1,1,new,,0,1,0.05,,,
1898402,630034,ALIAS_AUTO,HIGH,RESOLVED,ALIAS,0.7167,0.2167,S6_GENERAL_REMAINDER,Vinkara Öküzgözü-Bogazkere,Vinkara Öküzgözü-Bogazkere,,,okuzgozu bogazkere,vinkara winery,,tinto,token_index,strong_name_token_overlap>=2,1,1,new,,0,1,0.05,,,
1899201,357167,ALIAS_AUTO,HIGH,RESOLVED,ALIAS,0.6042,0.6042,S6_GENERAL_REMAINDER,"2021 Lemberger Kerf, Zimmerle","Lemberger Kerf, Zimmerle",2021,tinto,kerf lemberger,zimmerle,,tinto,token_index,strong_name_token_overlap>=2,1,1,new,,0,1,0.05,,,
1899697,95764,ALIAS_AUTO,HIGH,RESOLVED,ALIAS,0.5900,0.5900,S6_GENERAL_REMAINDER,Olivi Pugnitello Toscana IGT 2011,Olivi Pugnitello,2011,tinto,pugnitello toscana,olivi le buche,,tinto,token_index,strong_name_token_overlap>=2,1,1,new,,0,1,0.05,,,
1901946,4348,ALIAS_AUTO,HIGH,RESOLVED,ALIAS,0.5500,0.5500,S6_GENERAL_REMAINDER,2022 Bedell Cellars First Crush Red,Bedell Cellars First,2022,tinto,first crush red,bedell,,tinto,token_index,strong_name_token_overlap>=2,2,2,new,,0,1,0.05,,,
1902201,1662226,ALIAS_AUTO,HIGH,RESOLVED,ALIAS,0.7062,0.7062,S6_GENERAL_REMAINDER,"2022 Boisson, Pierre Bourgogne Hautes Cotes de Beaune","Boisson, Pierre",2022,branco,le chemin de pierre bourgogne hautescotes de beaune,pierre boisson,,Branco,token_index,strong_name_and_producer_overlap,1,1,new,,0,1,0.05,,,
1902380,100846,ALIAS_AUTO,HIGH,RESOLVED,ALIAS,0.5214,0.5214,S6_GENERAL_REMAINDER,2022 Carillon d'Angelus Saint-Emilion Grand Cru,Carillon d'Angelus Saint-Emilion,2022,tinto,le carillon dangelus saintemilion grand cru,chateau angelus,2015,tinto,token_index,strong_name_and_producer_overlap,1,1,new,,0,1,0.05,,,
1904165,30269,ALIAS_AUTO,HIGH,RESOLVED,ALIAS,0.5056,0.5056,S6_GENERAL_REMAINDER,Vinho Siro Pacenti Brunello di Montalcino Vecchie Vigne DOCG,,,,vecchie vigne brunello di montalcino,siro pacenti,2018,tinto,token_index,name_and_source_to_canonical_producer,1,1,new,,0,1,0.05,,,
1904993,267976,ALIAS_AUTO,HIGH,RESOLVED,ALIAS,0.6333,0.6333,S6_GENERAL_REMAINDER,Villa Creek The High Road 2017,Villa Creek,2017,,high road james berry vineyard,villa creek,,tinto,token_index,strong_name_token_overlap>=2,1,1,new,,0,1,0.05,,,
1905054,267976,ALIAS_AUTO,HIGH,RESOLVED,ALIAS,0.7021,0.7021,S6_GENERAL_REMAINDER,Villa Creek James Berry Vineyard High Road 2021,Villa Creek James,2021,,high road james berry vineyard,villa creek,,tinto,token_index,strong_name_token_overlap>=2,1,1,new,,0,1,0.05,,,
1905154,1334956,ALIAS_AUTO,HIGH,RESOLVED,ALIAS,0.5048,0.5048,S6_GENERAL_REMAINDER,Villa Creek 2021 Rocks & Flowers Rhone Blend,Villa Creek Rocks,2021,,rocks flowers,villa creek,,tinto,token_index,strong_name_token_overlap>=2,1,1,new,,0,1,0.05,,,
1905616,1410019,ALIAS_AUTO,HIGH,RESOLVED,ALIAS,0.6500,0.6500,S6_GENERAL_REMAINDER,Villa Campestre Cabernet Sauvignon,Villa Campestre,,tinto,villa campestre cabernet sauvignon,reservado,,tinto,exact_name|stripped_name,exact_name,1,1,new,,0,1,0.05,,,
1905704,1585970,ALIAS_AUTO,HIGH,RESOLVED,ALIAS,0.5571,0.5571,S6_GENERAL_REMAINDER,Vinho Devils Fantastic Sweet Casillero Del Diablo,,,,devils carnaval fantastic sweet,casillero del diablo,,Branco,token_index,strong_name_token_overlap>=2,1,1,new,,0,1,0.05,,,
1905748,12248,ALIAS_AUTO,HIGH,RESOLVED,ALIAS,0.5222,0.1444,S6_GENERAL_REMAINDER,Villa Bucci 2020 Verdicchio Castelli di Jesi Classico Superiore,Villa Bucci Verdicchio,2020,,bucci verdicchio dei castelli di jesi classico superiore,bucci,,branco,token_index,strong_name_token_overlap>=2,2,1,new,,0,1,0.05,,,
1906016,14442,ALIAS_AUTO,HIGH,RESOLVED,ALIAS,0.6125,0.1625,S6_GENERAL_REMAINDER,Villa Antinori Toscana Blanco,Villa Antinori,,branco,villa antinori toscana bianco,antinori,2023,branco,token_index,strong_name_token_overlap>=2,1,1,new,,0,1,0.05,,,
1906507,189070,ALIAS_AUTO,HIGH,RESOLVED,ALIAS,0.6571,0.6571,S6_GENERAL_REMAINDER,Vigoria 2021 – Kopp von der Crone Visini,Vigoria – Kopp,2021,,vigoria,kopp von der crone visini,,tinto,token_index,strong_name_and_producer_overlap,1,1,new,,0,1,0.05,,,
1906704,1014343,ALIAS_AUTO,HIGH,RESOLVED,ALIAS,0.6250,0.6250,S6_GENERAL_REMAINDER,"VIGNOBLES ARBEAU IGP Comte Tolosan ""Malbec Je Suis a Boire"" 2018",VIGNOBLES ARBEAU,2018,tinto,je suis a boire,vignobles arbeau,,tinto,token_index,strong_name_token_overlap>=2,1,1,new,,0,1,0.05,,,
1906714,255310,ALIAS_AUTO,HIGH,RESOLVED,ALIAS,0.5944,0.1444,S6_GENERAL_REMAINDER,Vignoble Rethore Davy Val de Loire Pinot Noir Parcelles,Vignoble Rethore Davy,,tinto,loire collection pinot noir,rethore davy,,tinto,token_index,strong_name_token_overlap>=2,1,1,new,,0,1,0.05,,,
1906731,1541954,ALIAS_AUTO,HIGH,RESOLVED,ALIAS,0.7875,0.7875,S6_GENERAL_REMAINDER,Vignoble Gibault - Chenin Blanc,Vignoble Gibault -,,branco,touraine chenin,vignoble gibault,,Branco,token_index,strong_name_and_producer_overlap,1,1,new,,0,1,0.05,,,
1906756,1571467,ALIAS_AUTO,HIGH,RESOLVED,ALIAS,0.7875,0.7875,S6_GENERAL_REMAINDER,Vignoble du Reveur – “Artefact” Cremant d’Alsace Extra Brut,Vignoble du Reveur,,espumante,artefact extra brut,vignoble du reveur,,Espumante,token_index,strong_name_and_producer_overlap,1,1,new,,0,1,0.05,,,
1906783,1598452,ALIAS_AUTO,HIGH,RESOLVED,ALIAS,0.6208,0.6208,S6_GENERAL_REMAINDER,Vignoble Deleu Rocca 2023,Vignoble Deleu Rocca,2023,,rocca syrah,vignoble deleu,,Tinto,token_index,strong_name_and_producer_overlap,2,1,new,,0,1,0.05,,,
1906810,407888,ALIAS_AUTO,HIGH,RESOLVED,ALIAS,0.7333,0.7333,S6_GENERAL_REMAINDER,Vignoble Cogné - Sauvignon Blanc IGP 2024,Vignoble Cogné -,2024,branco,sauvignon blanc,vignoble cogne domaine de la couperie,,branco,token_index,strong_name_and_producer_overlap,1,1,new,,0,1,0.05,,,
1907005,1719962,ALIAS_AUTO,HIGH,RESOLVED,ALIAS,0.6900,0.6900,S6_GENERAL_REMAINDER,Vier Jahreszeiten Pinot Rosé Sekt,Vier Jahreszeiten,,espumante,cuvee vier jahreszeiten am schluchsee sekt brut,vier jahreszeiten,,Espumante,token_index,strong_name_token_overlap>=2,1,1,new,,0,1,0.05,,,
1907057,39579,ALIAS_AUTO,HIGH,RESOLVED,ALIAS,0.6062,0.6062,S6_GENERAL_REMAINDER,2022 Domaine Rémi Jobard Meursault AC Les Narvaux,Domaine Rémi Jobard Meursault,2022,branco,meursault les narvaux,remi jobard,,branco,token_index,strong_name_and_producer_overlap,1,1,new,,0,1,0.05,,,
1907306,98662,ALIAS_AUTO,HIGH,RESOLVED,ALIAS,0.5850,0.5850,S6_GENERAL_REMAINDER,"2022 Duc des Nauves, Chateau le Puy, Cotes de Bordeaux","Duc des Nauves,",2022,tinto,duc des nauves cotes de bordeaux,chateau le puy,,tinto,stripped_name,stripped_name,1,1,new,,0,1,0.05,,,
1907437,1586603,ALIAS_AUTO,HIGH,RESOLVED,ALIAS,0.7643,0.7643,S6_GENERAL_REMAINDER,VIGNE MATTE PROSECCO SUPERIORE DOCG DRY MILLESIMATO,VIGNE MATTE,,espumante,valdobbiadene prosecco superiore millesimato,vigne matte,,Espumante,token_index,broad_name_with_strong_producer,2,1,new,,0,1,0.05,,,
1907687,1605874,ALIAS_AUTO,HIGH,RESOLVED,ALIAS,0.7208,0.7208,S6_GENERAL_REMAINDER,"2022 Chèrouche, Lucas Madonia","Chèrouche, Lucas Madonia",2022,tinto,cherouche,lucas madonia,,Tinto,token_index,strong_name_and_producer_overlap,1,1,new,,0,1,0.05,,,
1907713,364353,ALIAS_AUTO,HIGH,RESOLVED,ALIAS,0.8688,0.8688,S6_GENERAL_REMAINDER,VIGNE AL COLLE MERLOT POGGIO ALLE SETOLE DOC,VIGNE AL COLLE,,tinto,poggio alle setole merlot,vigne al colle,,tinto,token_index,strong_name_token_overlap>=2,1,1,new,,0,1,0.05,,,
1907837,483771,ALIAS_AUTO,HIGH,RESOLVED,ALIAS,0.7200,0.7200,S6_GENERAL_REMAINDER,"Vignai da Duline, Schioppettino 2022","Vignai da Duline,",2022,,schioppettino,vignai da duline,,tinto,token_index,strong_name_and_producer_overlap,1,1,new,,0,1,0.05,,,
1908743,627240,ALIAS_AUTO,HIGH,RESOLVED,ALIAS,0.6333,0.6333,S6_GENERAL_REMAINDER,Vieux Château Certan Pomerol AC 2022,Vieux Château Certan,2022,,la gravette de certan pomerol,vieux chateau certan,,tinto,token_index,strong_name_and_producer_overlap,1,1,new,,0,1,0.05,,,
1908824,627240,ALIAS_AUTO,HIGH,RESOLVED,ALIAS,0.7200,0.7200,S6_GENERAL_REMAINDER,Vieux Chateau Certan - Pomerol 2005,Vieux Chateau Certan,2005,,la gravette de certan pomerol,vieux chateau certan,,tinto,token_index,strong_name_and_producer_overlap,1,1,new,,0,1,0.05,,,
1908841,1666401,ALIAS_AUTO,HIGH,RESOLVED,ALIAS,0.8318,0.8318,S6_GENERAL_REMAINDER,2022 Domaine du Chetif Quart Bourgogne Cote Chalonnaise “Les Passereaux” (Rouge),Domaine du Chetif Quart,2022,tinto,les passereaux bourgogne cote chalonnaise pinot noir,domaine du chetif quart pierre dheilly et martine huberdeau,,Tinto,token_index,strong_name_token_overlap>=2,1,1,new,,0,1,0.05,,,
1908848,627240,ALIAS_AUTO,HIGH,RESOLVED,ALIAS,0.7200,0.7200,S6_GENERAL_REMAINDER,Vieux Chateau Certan Pomerol 1996,Vieux Chateau Certan,1996,,la gravette de certan pomerol,vieux chateau certan,,tinto,token_index,strong_name_and_producer_overlap,1,1,new,,0,1,0.05,,,
1908945,627240,ALIAS_AUTO,HIGH,RESOLVED,ALIAS,0.6875,0.6875,S6_GENERAL_REMAINDER,"Vieux Chateau Certan 2019, Vieux Chateau Certan",Vieux Chateau Certan,2019,,la gravette de certan pomerol,vieux chateau certan,,tinto,token_index,strong_name_and_producer_overlap,1,1,new,,0,1,0.05,,,
1908952,627240,ALIAS_AUTO,HIGH,RESOLVED,ALIAS,0.6333,0.6333,S6_GENERAL_REMAINDER,VIEUX CHATEAU CERTAN 2017 (CB6) POMEROL,VIEUX CHATEAU CERTAN,2017,,la gravette de certan pomerol,vieux chateau certan,,tinto,token_index,strong_name_and_producer_overlap,1,1,new,,0,1,0.05,,,
1909472,351598,ALIAS_AUTO,HIGH,RESOLVED,ALIAS,0.5214,0.5214,S6_GENERAL_REMAINDER,2022 Domaine Mongeard Mugneret Richebourg Grand Cru,Domaine Mongeard Mugneret Richebourg,2022,tinto,richebourg grand cru,denis mugneret,,tinto,token_index,strong_name_and_producer_overlap,1,1,new,,0,1,0.05,,,
1909493,1143395,ALIAS_AUTO,HIGH,RESOLVED,ALIAS,0.5687,0.5687,S6_GENERAL_REMAINDER,Vinho Rosé Tabali Rosé Pedregoso Gran Reserva Pinot Noir,,,rose,pedregoso gran reserva pinot noir rose,tabali,,rose,token_index,strong_name_token_overlap>=2,1,1,new,,0,1,0.05,,,
1909581,701795,ALIAS_AUTO,HIGH,RESOLVED,ALIAS,0.7367,0.7367,S6_GENERAL_REMAINDER,"2021 Milla Cala, Viña VIK","Milla Cala, Viña",2021,tinto,milla cala,vina vik winery,2021,tinto,token_index,strong_name_token_overlap>=2,1,1,new,,0,1,0.05,,,
1909974,1012818,ALIAS_AUTO,HIGH,RESOLVED,ALIAS,0.5250,0.5250,S6_GENERAL_REMAINDER,"2022 Domaine Julien Cécillon Cornas ""Saint-Pierre"", Rhône Valley, France",Domaine Julien Cécillon Cornas,2022,tinto,saint pierre cornas,julien cecillon,,tinto,token_index,strong_name_token_overlap>=2,1,1,new,,0,1,0.05,,,
1910226,926961,ALIAS_AUTO,HIGH,RESOLVED,ALIAS,0.7071,0.7071,S6_GENERAL_REMAINDER,Padro and Co Dorado Amargo Suave Vermouth,Padro,,fortificado,dorado amargo suave vermouth,padro co,,fortificado,token_index,strong_name_token_overlap>=2,2,1,new,,0,1,0.05,,,
1910362,550224,ALIAS_AUTO,HIGH,RESOLVED,ALIAS,0.5400,0.5400,S6_GENERAL_REMAINDER,2022 Pierre-Yves Colin-Morey Bourgogne Hautes-Côtes de Beaune,Pierre-Yves Colin-Morey,2022,tinto,bourgogne hautes cotes de beaune,andre morey maison joulie,,tinto,token_index,broad_name_with_strong_producer,1,1,new,,0,1,0.05,,,
1910473,1093811,ALIAS_AUTO,HIGH,RESOLVED,ALIAS,0.6500,0.6500,S6_GENERAL_REMAINDER,Vallis Dulcis Branco,Vallis Dulcis,,branco,vallis dulcis branco,mor valley,,branco,exact_name|stripped_name|token_index,exact_name,1,1,new,,0,1,0.05,,,
1910788,253529,ALIAS_AUTO,HIGH,RESOLVED,ALIAS,0.6976,0.6976,S6_GENERAL_REMAINDER,VALL LLACH VI DE VILA TINTO 2022,VALL LLACH VI,2022,tinto,porrera vi de vila,vall llach,,tinto,token_index,strong_name_and_producer_overlap,1,1,new,,0,1,0.05,,,
1911027,722306,ALIAS_AUTO,HIGH,RESOLVED,ALIAS,0.8833,0.8833,S6_GENERAL_REMAINDER,Pacalet Christophe Julienas,Pacalet Christophe Julienas,2023,tinto,julienas,christophe pacalet,,tinto,token_index,strong_name_and_producer_overlap,1,1,new,,0,1,0.05,,,
1911613,544541,ALIAS_AUTO,HIGH,RESOLVED,ALIAS,0.6542,0.6542,S6_GENERAL_REMAINDER,2022 Puisseguin Saint-Émilion,Puisseguin Saint-Émilion,2022,tinto,les aubiers puisseguin saint emilion,chateau puisseguin la rigodrie,,tinto,token_index,strong_name_and_producer_overlap,1,1,new,,0,1,0.05,,,
1911698,1634980,ALIAS_AUTO,HIGH,RESOLVED,ALIAS,0.7643,0.2857,S6_GENERAL_REMAINDER,2022 Francesco Rinaldi & Figli Langhe Freisa [WA92],Francesco Rinaldi &,2022,tinto,langhe freisa,francesco rinaldi figli,,Tinto,token_index,strong_name_token_overlap>=2,1,1,new,,0,1,0.05,,,
1911791,415451,ALIAS_AUTO,HIGH,RESOLVED,ALIAS,0.5567,0.1300,S6_GENERAL_REMAINDER,2022 Fruitiere Muscadet Bel Abor,Fruitiere Muscadet Bel,2022,branco,gneiss de bel abord muscadet sevre maine sur lie,domaine de la fruitiere,,branco,token_index,strong_name_and_producer_overlap,1,1,new,,0,1,0.05,,,
1911891,623808,ALIAS_AUTO,HIGH,RESOLVED,ALIAS,0.6143,0.6143,S6_GENERAL_REMAINDER,"2022 Les Griffons de Pichon Baron, Pauillac",Les Griffons de Pichon,2022,tinto,les griffons pauillac,chateau pichon baron,2018,tinto,token_index,strong_name_and_producer_overlap,1,1,new,,0,1,0.05,,,
1911997,48240,ALIAS_AUTO,HIGH,RESOLVED,ALIAS,0.8417,0.8417,S6_GENERAL_REMAINDER,2022 Giuseppe Mascarello e Figlio Freisa Toetto,Giuseppe Mascarello,2022,tinto,langhe freisa toetto,mascarello giuseppe e figlio,,tinto,token_index,strong_name_token_overlap>=2,1,1,new,,0,1,0.05,,,
1912098,1533380,ALIAS_AUTO,HIGH,RESOLVED,ALIAS,0.5250,0.5250,S6_GENERAL_REMAINDER,2022 Manuel Antonio De la Riva Jerez Macharnudo San Cayetano Vino de Pasto,Manuel Antonio,2022,fortificado,las 10 vino de pasto,m antonio de la riva,,Fortificado,token_index,strong_name_and_producer_overlap,1,1,new,,0,1,0.05,,,
1912652,441260,ALIAS_AUTO,HIGH,RESOLVED,ALIAS,0.5833,0.5833,S6_GENERAL_REMAINDER,Pagos de Araiz JOVEN – x4 botellas,Pagos,,tinto,joven,pagos de araiz,2022,tinto,token_index,strong_name_and_producer_overlap,1,1,new,,0,1,0.05,,,
1912728,791162,ALIAS_AUTO,HIGH,RESOLVED,ALIAS,0.6500,0.6500,S6_GENERAL_REMAINDER,Ot de Vins El Cep Rosat de Terrer,Ot,,rose,ot rosat de terrer,vins el cep,,rose,token_index,strong_name_token_overlap>=2,1,1,new,,0,1,0.05,,,
1913050,10055,ALIAS_AUTO,HIGH,RESOLVED,ALIAS,0.7667,0.7667,S6_GENERAL_REMAINDER,Palácio da Bacalhôa Tinto,Palácio da Bacalhôa,,tinto,peninsula de setubal palacio da bacalhoa tinto,bacalhoa,2016,tinto,token_index,strong_name_token_overlap>=2,2,2,new,,0,1,0.05,,,
1913156,14819,ALIAS_AUTO,HIGH,RESOLVED,ALIAS,0.6667,0.6667,S6_GENERAL_REMAINDER,"Palacios, Alvaro 2017 Priorat Finca Dofi","Palacios, Alvaro Priorat",2017,tinto,finca dofi,alvaro palacios,,tinto,token_index,strong_name_token_overlap>=2,1,1,new,,0,1,0.05,,,
1913192,292723,ALIAS_AUTO,HIGH,RESOLVED,ALIAS,0.6833,0.6833,S6_GENERAL_REMAINDER,PALACIOS GRATALLOPS 2022,PALACIOS GRATALLOPS,2022,tinto,vi de vila gratallops,alvaro palacios,2022,tinto,token_index,strong_name_and_producer_overlap,1,1,new,,0,1,0.05,,,
1913853,1363903,ALIAS_AUTO,HIGH,RESOLVED,ALIAS,0.5714,0.5714,S6_GENERAL_REMAINDER,2023 Domaine Metrat et Fils Chiroubles Constance,Domaine Metrat et Fils,2023,tinto,constance chiroubles,metrat fils,,tinto,token_index,strong_name_token_overlap>=2,1,1,new,,0,1,0.05,,,
1913881,674231,ALIAS_AUTO,HIGH,RESOLVED,ALIAS,0.5583,0.5583,S6_GENERAL_REMAINDER,2023 Belguardo Tirrenico,Belguardo Tirrenico,2023,tinto,tirrenico,belguardo,2020,tinto,token_index,strong_name_and_producer_overlap,1,1,new,,0,1,0.05,,,
1913920,1546469,ALIAS_AUTO,HIGH,RESOLVED,ALIAS,0.7875,0.7875,S6_GENERAL_REMAINDER,2023 Donkey & Goat Falanghina,Donkey & Goat,2023,branco,calleri vineyard falanghina,donkey goat,,Branco,token_index,strong_name_and_producer_overlap,1,1,new,,0,1,0.05,,,
1913950,951607,ALIAS_AUTO,HIGH,RESOLVED,ALIAS,0.6875,0.6875,S6_GENERAL_REMAINDER,2023 Beykush Artania White,Beykush Artania,2023,branco,i artania white,beykush winery,,branco,token_index,strong_name_and_producer_overlap,1,1,new,,0,1,0.05,,,
1914019,203907,ALIAS_AUTO,HIGH,RESOLVED,ALIAS,0.6000,0.6000,S6_GENERAL_REMAINDER,2023 Bodegas Vizcarra ‘Senda del Oro’ Ribera del Duero,Bodegas Vizcarra ‘Senda del,2023,tinto,ribera del duero senda del oro,vizcarra,,tinto,token_index,strong_name_and_producer_overlap,1,1,new,,0,1,0.05,,,
1914066,1195236,ALIAS_AUTO,HIGH,RESOLVED,ALIAS,0.5667,0.5667,S6_GENERAL_REMAINDER,"Paradise Springs Winery ""The Moment"" 2019",Paradise Springs Winery,2019,,the moment,paradise springs,,tinto,token_index,strong_name_and_producer_overlap,1,1,new,,0,1,0.05,,,
1914081,89233,ALIAS_AUTO,HIGH,RESOLVED,ALIAS,0.5833,0.5833,S6_GENERAL_REMAINDER,Paradiso Di Frassina 12 Uve Rosso,Paradiso,,tinto,frassina rosso,il paradiso di frassina,,tinto,token_index,strong_name_and_producer_overlap,2,1,new,,0,1,0.05,,,
1914601,1129758,ALIAS_AUTO,HIGH,RESOLVED,ALIAS,0.8700,0.8700,S6_GENERAL_REMAINDER,Paul-Henri Thillardon Coup-Double,Paul-Henri Thillardon Coup-Double,,tinto,coup double,paul henri thillardon,,tinto,token_index,strong_name_token_overlap>=2,1,1,new,,0,1,0.05,,,
1914813,1527947,ALIAS_AUTO,HIGH,RESOLVED,ALIAS,0.5067,0.5067,S6_GENERAL_REMAINDER,"Pedro Ximénez, Diatomists, Jerez, Spain","Pedro Ximénez, Diatomists,",,fortificado,singular bota pedro ximenez,diatomists,,Fortificado,token_index,strong_name_token_overlap>=2,1,1,new,,0,1,0.05,,,
1915412,1651923,ALIAS_AUTO,HIGH,RESOLVED,ALIAS,0.6000,0.6000,S6_GENERAL_REMAINDER,Pepiere 2009 Muscadet Clos de Briords,Pepiere Muscadet Clos,2009,branco,briords muscadet de sevre et maine,domaine de la pepiere,,Branco,token_index,strong_name_token_overlap>=2,1,1,new,,0,1,0.05,,,
1915438,833945,ALIAS_AUTO,HIGH,RESOLVED,ALIAS,0.7517,0.1300,S6_GENERAL_REMAINDER,"Pépière 2023 Muscadet Sevre et Maine sur Lie ""La Pépie""",Pépière Muscadet Sevre,2023,branco,la pepie muscadet sevre et maine sur lie,domaine de la pepiere,,branco,token_index,strong_name_token_overlap>=2,1,1,new,,0,1,0.05,,,
1915800,73534,ALIAS_AUTO,HIGH,RESOLVED,ALIAS,0.5567,0.5567,S6_GENERAL_REMAINDER,Piantonaia Podere Poggio Scalette 2017,Piantonaia Podere Poggio,2017,tinto,piantonaia alta valle della greve,poggio scalette,,tinto,token_index,strong_name_and_producer_overlap,1,1,new,,0,1,0.05,,,
1916203,339251,ALIAS_AUTO,HIGH,RESOLVED,ALIAS,0.8417,0.8417,S6_GENERAL_REMAINDER,Pierre Gonon Les Iles Feray 2018,Pierre Gonon,2018,tinto,les iles feray,domaine pierre gonon,,tinto,token_index,strong_name_token_overlap>=2,1,1,new,,0,1,0.05,,,
1916211,339251,ALIAS_AUTO,HIGH,RESOLVED,ALIAS,0.8417,0.8417,S6_GENERAL_REMAINDER,Pierre Gonon Les Iles Feray 2023,Pierre Gonon,2023,tinto,les iles feray,domaine pierre gonon,,tinto,token_index,strong_name_token_overlap>=2,2,2,new,,0,1,0.05,,,
1916576,1138350,ALIAS_AUTO,HIGH,RESOLVED,ALIAS,0.5278,0.5278,S6_GENERAL_REMAINDER,Pierre Yves Colin Morey Chevalier Montrachet Grand Cru 2017,Pierre Yves Colin,2017,branco,chevalier montrachet grand cru,joseph colin,,branco,token_index,strong_name_and_producer_overlap,1,1,new,,0,1,0.05,,,
1917091,1594032,ALIAS_AUTO,HIGH,RESOLVED,ALIAS,0.5167,0.5167,S6_GENERAL_REMAINDER,【購入条件付き】Parmantier Frère et Sœur Côteaux Champenois Chamery Rouge Le Drés Le Moutier 2020 / パルマンティエ フレール・エ・スール コトー・シャンプノワ・ルージュ・ド・シャムリー ル・ドレ・ル・ムティエ,【購入条件付き】Parmantier Frère,2020,tinto,rouge de chamery,parmantier frere soeur,,Tinto,token_index,strong_name_and_producer_overlap,1,1,new,,0,1,0.05,,,
1917168,186697,ALIAS_AUTO,HIGH,RESOLVED,ALIAS,0.7687,0.7687,S6_GENERAL_REMAINDER,"2023 Y. Amirault, Saint Nicolas de Bourgueil, La Source","Y. Amirault, Saint",2023,tinto,saint nicolas de bourgueil la source,yannick amirault,,tinto,token_index,strong_name_token_overlap>=2,2,2,new,,0,1,0.05,,,
1917182,953580,ALIAS_AUTO,HIGH,RESOLVED,ALIAS,0.7200,0.1300,S6_GENERAL_REMAINDER,2024 Battenfeld-Spanier Weissburgunder Réserve,Battenfeld-Spanier Weissburgunder Réserve,2024,branco,weissburgunder reserve,battenfeld spanier,,branco,token_index,strong_name_and_producer_overlap,1,1,new,,0,1,0.05,,,
1918380,867344,ALIAS_AUTO,HIGH,RESOLVED,ALIAS,0.5571,0.5571,S6_GENERAL_REMAINDER,Pinot Gris Carbonic Maceration By The Marigny,,2006,branco,carbonic maceration pinot gris,the marigny,,branco,token_index,strong_name_token_overlap>=2,1,1,new,,0,1,0.05,,,
1918735,1395599,ALIAS_AUTO,HIGH,RESOLVED,ALIAS,0.5571,0.5571,S6_GENERAL_REMAINDER,"Pinot Gris, Estate Grown, Cave Spring Vineyard",,,branco,estate grown pinot gris,cave spring,,branco,token_index,strong_name_token_overlap>=2,1,1,new,,0,1,0.05,,,
1919422,581801,ALIAS_AUTO,HIGH,RESOLVED,ALIAS,0.5200,0.5200,S6_GENERAL_REMAINDER,"2024 Sauvignon blanc, Ruppert-Deginther",,2024,branco,sauvignon blanc trocken,ruppert deginther,,branco,token_index,name_and_source_to_canonical_producer,1,1,new,,0,1,0.05,,,
1919577,1221347,ALIAS_AUTO,HIGH,RESOLVED,ALIAS,0.6854,0.6854,S6_GENERAL_REMAINDER,2024 Schales Her mit dem schönen Leben! Rosé,Schales Her mit,2024,rose,her mit dem schonen leben rose,schales,,rose,token_index,strong_name_token_overlap>=2,1,1,new,,0,1,0.05,,,
1919905,109186,ALIAS_AUTO,HIGH,RESOLVED,ALIAS,0.7905,0.7905,S6_GENERAL_REMAINDER,2024 Pietra Pura Mandus Primitivo di Manduria,Pietra Pura Mandus,2024,tinto,mandus primitivo di manduria,pietra pura,2023,tinto,token_index,strong_name_token_overlap>=2,1,1,new,,0,1,0.05,,,
1920807,817014,ALIAS_AUTO,HIGH,RESOLVED,ALIAS,0.7917,0.7917,S6_GENERAL_REMAINDER,Pierre-Marie Chermette Origine Beaujolais 2025,Pierre-Marie Chermette Origine,2025,tinto,vieilles vignes origine beaujolais,martine et pierre marie chermette domaine du vissoux,,tinto,token_index,strong_name_token_overlap>=2,1,1,new,,0,1,0.05,,,
1921875,82106,ALIAS_AUTO,HIGH,RESOLVED,ALIAS,0.6333,0.6333,S6_GENERAL_REMAINDER,Sopra Sasso Amarone Della Valpolicel Wine,Sopra Sasso,,,amarone della valpolicella,sopra sasso,,tinto,token_index,strong_name_token_overlap>=2,1,1,new,,0,1,0.05,,,
1922101,116376,ALIAS_AUTO,HIGH,RESOLVED,ALIAS,0.5250,0.5250,S6_GENERAL_REMAINDER,Sons Of Eden Kennedy GSM 2022 (Barossa Valley),Sons Of Eden,2022,,kennedy grenache shiraz mourvedre,sons of eden,,tinto,token_index,strong_name_and_producer_overlap,2,2,new,,0,1,0.05,,,
1922109,116376,ALIAS_AUTO,HIGH,RESOLVED,ALIAS,0.5250,0.5250,S6_GENERAL_REMAINDER,Sons Of Eden Kennedy GSM 2019 (Barossa Valley),Sons Of Eden,2019,,kennedy grenache shiraz mourvedre,sons of eden,,tinto,token_index,strong_name_and_producer_overlap,2,2,new,,0,1,0.05,,,
1922120,737993,ALIAS_AUTO,HIGH,RESOLVED,ALIAS,0.7550,0.7550,S6_GENERAL_REMAINDER,Sons of Eden Cirrus High Eden Valley Single Vineyard Riesling 2018 (),Sons of Eden,2018,branco,single vineyard cirrus riesling,sons of eden,,branco,token_index,strong_name_token_overlap>=2,1,1,new,,0,1,0.05,,,
1922922,1514397,ALIAS_AUTO,HIGH,RESOLVED,ALIAS,0.9500,0.9500,S6_GENERAL_REMAINDER,Soliterra Essence Cabernet Sauvignon,Soliterra Essence,,tinto,cabernet sauvignon,soliterra essence,,Tinto,token_index,strong_name_token_overlap>=2,1,1,new,,0,1,0.05,,,
1923047,500681,ALIAS_AUTO,HIGH,RESOLVED,ALIAS,0.5500,0.5500,S6_GENERAL_REMAINDER,2018 Case Basse Soldera Toscana IGT,Case Basse Soldera,2018,tinto,case basse sangiovese toscana,soldera,,tinto,token_index,strong_name_token_overlap>=2,1,1,new,,0,1,0.05,,,
1923112,1638447,ALIAS_AUTO,HIGH,RESOLVED,ALIAS,0.6714,0.6714,S6_GENERAL_REMAINDER,Solar Dos Dragos Grande Reserva Tinto 2018,Solar Dos Dragos,2018,tinto,encostas do solar tinto,solar dos dragos,,Tinto,token_index,strong_name_and_producer_overlap,1,1,new,,0,1,0.05,,,
1925137,984612,ALIAS_AUTO,HIGH,RESOLVED,ALIAS,0.5700,0.1300,S6_GENERAL_REMAINDER,TANUNDA GRAND BAROSSA GSM 2024,TANUNDA,,,grand barossa gsm,chateau tanunda,,tinto,token_index,strong_name_and_producer_overlap,1,1,new,,0,1,0.05,,,
1925539,1604123,ALIAS_AUTO,HIGH,RESOLVED,ALIAS,0.7000,0.7000,S6_GENERAL_REMAINDER,Tansy Red Field Blend,Tansy,2019,,red field blend,tansy,,Tinto,token_index,strong_name_token_overlap>=2,1,1,new,,0,1,0.05,,,
1925574,611793,ALIAS_AUTO,HIGH,RESOLVED,ALIAS,0.5567,0.5567,S6_GENERAL_REMAINDER,2019 Blaufränkisch Eisenberg DAC Reserve,Blaufränkisch Eisenberg DAC,2019,tinto,blaufrankisch reserve greco rot,schutzen eisenberg,,tinto,token_index,strong_name_and_producer_overlap,1,1,new,,0,1,0.05,,,
1926163,429846,ALIAS_AUTO,HIGH,RESOLVED,ALIAS,0.6333,0.2166,S6_GENERAL_REMAINDER,2017 Vouvray Sec,Vouvray Sec,2017,branco,les lys vouvray sec,cave des producteurs de vouvray,,branco,stripped_name,strong_name_and_producer_overlap,1,1,new,,0,1,0.05,,,
1926260,1549968,ALIAS_AUTO,HIGH,RESOLVED,ALIAS,0.5687,0.5687,S6_GENERAL_REMAINDER,"Old Vine Chenin Blanc, Myburgh Bros [Joostenberg] 2023",,2023,branco,myburgh bros old vine chenin blanc,joostenberg,,Branco,token_index,strong_name_token_overlap>=2,2,2,new,,0,1,0.05,,,
1926824,278589,ALIAS_AUTO,HIGH,RESOLVED,ALIAS,0.5250,0.5250,S6_GENERAL_REMAINDER,Oswaldo Viberti – Barolo di Serralunga – 2020,Oswaldo Viberti –,2020,tinto,serralunga barolo,osvaldo viberti,,tinto,token_index,strong_name_and_producer_overlap,1,1,new,,0,1,0.05,,,
1926873,144945,ALIAS_AUTO,HIGH,RESOLVED,ALIAS,0.7833,0.7833,S6_GENERAL_REMAINDER,Otarnita Petro Vaselo,Otarnita Petro Vaselo,,,otarnita,petro vaselo,,tinto,token_index,strong_name_and_producer_overlap,1,1,new,,0,1,0.05,,,
1927069,1354818,ALIAS_AUTO,HIGH,RESOLVED,ALIAS,0.5500,0.5500,S6_GENERAL_REMAINDER,"Pepin Orange, NV","Pepin Orange, NV",,branco,orange,pepin,,branco,token_index,strong_name_and_producer_overlap,1,1,new,,0,1,0.05,,,
1927668,852373,ALIAS_AUTO,HIGH,RESOLVED,ALIAS,0.7750,0.7750,S6_GENERAL_REMAINDER,SJ Montigny Kreuznacher Monchberg Riesling Kabinett,SJ Montigny Kreuznacher,,branco,kreuznacher monchberg riesling spatlese,sj montigny,,branco,token_index,strong_name_token_overlap>=2,2,2,new,,0,1,0.05,,,
1927975,101121,ALIAS_AUTO,HIGH,RESOLVED,ALIAS,0.7533,0.7533,S6_GENERAL_REMAINDER,Six Hats Pinotage Rosé 2020,Six Hats Pinotage,2020,rose,pinotage rose,six hats,,rose,token_index,strong_name_and_producer_overlap,1,1,new,,0,1,0.05,,,
1928240,87227,ALIAS_AUTO,HIGH,RESOLVED,ALIAS,0.6900,0.6900,S6_GENERAL_REMAINDER,2020 Domaine Anne Gros & Jean Paul Tollot Les Carretals Minervois,Domaine Anne Gros &,2020,tinto,les carretals,domaine anne gros jeanpaul tollot,,tinto,token_index,strong_name_and_producer_overlap,1,1,new,,0,1,0.05,,,
1928319,1422596,ALIAS_AUTO,HIGH,RESOLVED,ALIAS,0.7200,0.7200,S6_GENERAL_REMAINDER,"2020 Domaine Aurelien Lurquin, Les Forcieres Pinot Noir, Coteaux Champenois","Domaine Aurelien Lurquin, Les",2020,tinto,coteaux champenois pinot noir les forcieres a letat pur,aurelien lurquin,,tinto,token_index,strong_name_token_overlap>=2,1,1,new,,0,1,0.05,,,
1928483,662789,ALIAS_AUTO,HIGH,RESOLVED,ALIAS,0.6208,0.6208,S6_GENERAL_REMAINDER,Siro Pacenti PS Brunello di Montalcino Riserva 2019,Siro Pacenti PS,2019,,brunello di montalcino riserva,siro pacenti,,tinto,token_index,broad_name_with_strong_producer,1,1,new,,0,1,0.05,,,
1928536,662789,ALIAS_AUTO,HIGH,RESOLVED,ALIAS,0.6333,0.6333,S6_GENERAL_REMAINDER,Siro Pacenti Brunello di Montalcino PS Riserva - 2016 ( D-Magnum),Siro Pacenti,2016,,brunello di montalcino riserva,siro pacenti,,tinto,token_index,broad_name_with_strong_producer,1,1,new,,0,1,0.05,,,
1929876,62225,ALIAS_AUTO,HIGH,RESOLVED,ALIAS,0.8833,0.8833,S6_GENERAL_REMAINDER,Petit Coteau Vouvray Sec Grenouilles,Petit Coteau Vouvray,,branco,les grenouilles vouvray sec,domaine du petit coteau,,branco,token_index,strong_name_token_overlap>=2,1,1,new,,0,1,0.05,,,
1930686,1595916,ALIAS_AUTO,HIGH,RESOLVED,ALIAS,0.6333,0.1083,S6_GENERAL_REMAINDER,Planet Mouraz Branco Vinho Verde 2022,Planet Mouraz,2022,branco,vinho verde branco,casa de mouraz,,Branco,token_index,strong_name_and_producer_overlap,2,2,new,,0,1,0.05,,,
1931391,1532902,ALIAS_AUTO,HIGH,RESOLVED,ALIAS,0.5714,0.5714,S6_GENERAL_REMAINDER,Podere Palazzo Sangiovese Romagna Doc Caesena 2019,Podere Palazzo,,,caesena sangiovese cesena,podere palazzo,,Tinto,token_index,strong_name_token_overlap>=2,1,1,new,,0,1,0.05,,,
1931453,1066409,ALIAS_AUTO,HIGH,RESOLVED,ALIAS,0.7750,0.7750,S6_GENERAL_REMAINDER,Podere Sette Bolgheri Superiore Superbo 2022,Podere Sette Bolgheri,,tinto,il superbo bolgheri superiore,podere sette,,tinto,token_index,strong_name_and_producer_overlap,1,1,new,,0,1,0.05,,,
1931460,298933,ALIAS_AUTO,HIGH,RESOLVED,ALIAS,0.9500,0.9500,S6_GENERAL_REMAINDER,Podere Veneri Vecchio – Perdersi e Ritrovarsi,Podere Veneri Vecchio –,,tinto,perdersi e ritrovarsi,podere veneri vecchio,,tinto,token_index,strong_name_token_overlap>=2,1,1,new,,0,1,0.05,,,
1931975,567061,ALIAS_AUTO,HIGH,RESOLVED,ALIAS,0.8167,0.8167,S6_GENERAL_REMAINDER,POUILLY FUISSE ALBERT BICHOT,POUILLY FUISSE ALBERT,,branco,hospices de beaune pouilly fuisse,albert bichot,,branco,token_index,strong_name_token_overlap>=2,1,1,new,,0,1,0.05,,,
1932193,1497865,ALIAS_AUTO,HIGH,RESOLVED,ALIAS,0.6542,0.6542,S6_GENERAL_REMAINDER,pouilly fuisse pascal renaud,pouilly fuisse pascal,,branco,pouilly fuisse 1er cru aux bouthieres,pascal berger,,Branco,token_index,strong_name_token_overlap>=2,1,1,new,,0,1,0.05,,,
1932289,565719,ALIAS_AUTO,HIGH,RESOLVED,ALIAS,0.8000,0.8000,S6_GENERAL_REMAINDER,POMAL RESERVA 106 BARRICAS,POMAL,,tinto,reserva 106 barricas,vina pomal,,tinto,token_index,strong_name_and_producer_overlap,1,1,new,,0,1,0.05,,,
1932698,1473798,ALIAS_AUTO,HIGH,RESOLVED,ALIAS,0.5900,0.5900,S6_GENERAL_REMAINDER,"Pouilly-Fuisse, Domaine Beranger. France","Pouilly-Fuisse, Domaine Beranger.",,branco,pouillyfuisse premier cru pouilly,domaine beranger,,Branco,token_index,strong_name_and_producer_overlap,1,1,new,,0,1,0.05,,,
1932765,916888,ALIAS_AUTO,HIGH,RESOLVED,ALIAS,0.7667,0.2167,S6_GENERAL_REMAINDER,Porto Valriz Tawny,Porto Valriz Tawny,,fortificado,very old tawny porto,valriz,,fortificado,token_index,strong_name_token_overlap>=2,1,1,new,,0,1,0.05,,,
1932926,205685,ALIAS_AUTO,HIGH,RESOLVED,ALIAS,0.5567,0.1300,S6_GENERAL_REMAINDER,Porto Warre’s Otima 20 Anos,Porto Warre’s Otima,2011,fortificado,porto 20 anos,porto reccua,,fortificado,token_index,strong_name_token_overlap>=2,1,1,new,,0,1,0.05,,,
1933066,230186,ALIAS_AUTO,HIGH,RESOLVED,ALIAS,0.8000,0.8000,S6_GENERAL_REMAINDER,"Pozzan Zinfandel ""Back Barn""",Pozzan,,tinto,gold series back barn oakville cuvee zinfandel,michael pozzan,,tinto,token_index,strong_name_token_overlap>=2,1,1,new,,0,1,0.05,,,
1933348,436134,ALIAS_AUTO,HIGH,RESOLVED,ALIAS,0.7750,0.2167,S6_GENERAL_REMAINDER,SIMPLICITY Vistamar Merlot,SIMPLICITY Vistamar,,tinto,simplicity merlot,vistamar,,tinto,token_index,strong_name_token_overlap>=2,1,1,new,,0,1,0.05,,,
1933526,632362,ALIAS_AUTO,HIGH,RESOLVED,ALIAS,0.7571,0.7571,S6_GENERAL_REMAINDER,Simone Scaletta - Barolo Bricco San Pietro 2014,Simone Scaletta -,2014,,barolo bricco san pietro,simone scaletta,,tinto,token_index,strong_name_token_overlap>=2,2,1,new,,0,1,0.05,,,
1933559,1094824,ALIAS_AUTO,HIGH,RESOLVED,ALIAS,0.5714,0.5714,S6_GENERAL_REMAINDER,SIMONE CAPECCI”PALLIDO”2023 MARCHE ROSATO IGT,SIMONE CAPECCI”PALLIDO” MARCHE,,rose,pallido rosato,simone capecci,,rose,token_index,strong_name_and_producer_overlap,1,1,new,,0,1,0.05,,,
1933607,809315,ALIAS_AUTO,HIGH,RESOLVED,ALIAS,0.5786,0.5786,S6_GENERAL_REMAINDER,SIMONE CAPECCI - “Mvria” Offida Pecorino - DOCG BIO,SIMONE CAPECCI -,,branco,mvria,simone capecci,,branco,token_index,strong_name_and_producer_overlap,1,1,new,,0,1,0.05,,,
1933634,1597261,ALIAS_AUTO,HIGH,RESOLVED,ALIAS,0.8833,0.8833,S6_GENERAL_REMAINDER,Simon Tolley Perfectus Shiraz,Simon Tolley Perfectus,,tinto,perfectus shiraz,simon tolley,,Tinto,token_index,strong_name_token_overlap>=2,1,1,new,,0,1,0.05,,,
1933644,986517,ALIAS_AUTO,HIGH,RESOLVED,ALIAS,0.6533,0.1300,S6_GENERAL_REMAINDER,Simon Rion Version Reserve NV / シモン・リオン ヴェルジョン・レゼルヴ,Simon Rion Version,,,version reserve terroir champagne,simon rion,,espumante,token_index,strong_name_and_producer_overlap,1,1,new,,0,1,0.05,,,
1933716,1007073,ALIAS_AUTO,HIGH,RESOLVED,ALIAS,0.8200,0.8200,S6_GENERAL_REMAINDER,Simon Colin Bourgogne Chardonnay 2023,Simon Colin,2023,branco,bourgogne chardonnay,simon colin,,branco,token_index,strong_name_and_producer_overlap,1,1,new,,0,1,0.05,,,
1933774,110528,ALIAS_AUTO,HIGH,RESOLVED,ALIAS,0.6333,0.6333,S6_GENERAL_REMAINDER,"Simon Bize et Fils, Bourgogne Blanc Les Champlains 2022",Simon Bize,2022,,bourgogne les champlains,simon bize fils,,branco,token_index,strong_name_and_producer_overlap,1,1,new,,0,1,0.05,,,
1933865,110528,ALIAS_AUTO,HIGH,RESOLVED,ALIAS,0.6643,0.6643,S6_GENERAL_REMAINDER,Simon Bize Bourgogne Blanc Les Champlains 2020,Simon Bize,2020,,bourgogne les champlains,simon bize fils,,branco,token_index,strong_name_and_producer_overlap,1,1,new,,0,1,0.05,,,
1934068,445857,ALIAS_AUTO,HIGH,RESOLVED,ALIAS,0.7417,0.1084,S6_GENERAL_REMAINDER,Silvio Grasso Barolo Bricco Manzoni 2019 (),Silvio Grasso,2019,,bricco manzoni barolo,silvio grasso,,tinto,token_index,strong_name_token_overlap>=2,1,1,new,,0,1,0.05,,,
1934112,762890,ALIAS_AUTO,HIGH,RESOLVED,ALIAS,0.7208,0.7208,S6_GENERAL_REMAINDER,Silvio Carta Serenata Cannonau di Sardegna DOC 2020,Silvio Carta Serenata,2020,tinto,serenata cannonau di sardegna,silvio carta,,tinto,token_index,strong_name_token_overlap>=2,1,1,new,,0,1,0.05,,,
1934628,404899,ALIAS_AUTO,HIGH,RESOLVED,ALIAS,0.6667,0.6667,S6_GENERAL_REMAINDER,Purple Cowboy (Paso Robles) Trail Boss Cabernet Sauvignon 2022,Purple Cowboy (Paso,2022,tinto,trail boss cabernet sauvignon,purple cowboy,,tinto,token_index,strong_name_token_overlap>=2,1,1,new,,0,1,0.05,,,
1934631,404899,ALIAS_AUTO,HIGH,RESOLVED,ALIAS,0.5786,0.5786,S6_GENERAL_REMAINDER,Purple Cowboy Red Blend Boss Paso Robles,Purple Cowboy,,tinto,trail boss cabernet sauvignon,purple cowboy,,tinto,token_index,strong_name_and_producer_overlap,1,1,new,,0,1,0.05,,,
1934645,1599730,ALIAS_AUTO,HIGH,RESOLVED,ALIAS,0.7533,0.7533,S6_GENERAL_REMAINDER,Purple Hands Deep Purple Shiraz 2024,Purple Hands Deep,2024,tinto,deep purple shiraz,purple hands au,,Tinto,token_index,strong_name_token_overlap>=2,1,1,new,,0,1,0.05,,,
1936011,637089,ALIAS_AUTO,HIGH,RESOLVED,ALIAS,0.5900,0.5900,S6_GENERAL_REMAINDER,PURE ΣΑΝΤΟΡΙΝΗ 2022 VOLCANIC SLOPES VINEYARDS,PURE ΣΑΝΤΟΡΙΝΗ VOLCANIC,2022,branco,pure santorini,volcanic slopes vineyard,,branco,token_index,strong_name_and_producer_overlap,1,1,new,,0,1,0.05,,,
1936470,324981,ALIAS_AUTO,HIGH,RESOLVED,ALIAS,0.5583,0.5583,S6_GENERAL_REMAINDER,Quirus Selección de la Familia 2017,Quirus Selección,2017,tinto,seleccion de familia,quirus,,tinto,token_index,strong_name_token_overlap>=2,2,2,new,,0,1,0.05,,,
1936876,162581,ALIAS_AUTO,HIGH,RESOLVED,ALIAS,0.5417,0.5417,S6_GENERAL_REMAINDER,Rapitalà Alto Nero d'Avola 2016 | Sicilia,Rapitalà Alto Nero,2016,tinto,alto nero davola,tenuta rapitala,2016,tinto,token_index,strong_name_token_overlap>=2,1,1,new,,0,1,0.05,,,
1936888,13105,ALIAS_AUTO,HIGH,RESOLVED,ALIAS,0.5250,0.5250,S6_GENERAL_REMAINDER,Rapitalà Nadir 2016 | Sicilia,Rapitalà Nadir |,2016,tinto,nadir syrah,tenuta rapitala,,tinto,token_index,strong_name_and_producer_overlap,1,1,new,,0,1,0.05,,,
1936968,475380,ALIAS_AUTO,HIGH,RESOLVED,ALIAS,0.6625,0.6625,S6_GENERAL_REMAINDER,RAR Collezione Merlot 2022,RAR Collezione,2022,tinto,collezione merlot,rar,2022,tinto,stripped_name,stripped_name,1,1,new,,0,1,0.05,,,
1936969,98567,ALIAS_AUTO,HIGH,RESOLVED,ALIAS,0.7750,0.7750,S6_GENERAL_REMAINDER,RAR Collezione Pinot Noir,RAR Collezione,,tinto,collezione pinot noir,rar,,tinto,stripped_name,stripped_name,1,1,new,,0,1,0.05,,,
1937038,1537566,ALIAS_AUTO,HIGH,RESOLVED,ALIAS,0.6667,0.6667,S6_GENERAL_REMAINDER,Rare North Willamette Valley Pinot Noir,Rare North Willamette,,tinto,pinot noir,rare north,,Tinto,token_index,strong_name_token_overlap>=2,1,1,new,,0,1,0.05,,,
1937715,334235,ALIAS_AUTO,HIGH,RESOLVED,ALIAS,0.5600,0.5600,S6_GENERAL_REMAINDER,RAFFAELE GARBARINO – RED BLEND – 2008,RAFFAELE GARBARINO –,2008,tinto,raffaele cinque terra vineyard,raffaele garbarino,,tinto,token_index,strong_name_and_producer_overlap,1,1,new,,0,1,0.05,,,
1937783,298274,ALIAS_AUTO,HIGH,RESOLVED,ALIAS,0.5567,0.5567,S6_GENERAL_REMAINDER,Real Vinícola Orgulho Portugal Porto,Real Vinícola Orgulho,,fortificado,nec temere orgulho vinho do porto velho,real companhia do norte,,fortificado,token_index,strong_name_token_overlap>=2,1,1,new,,0,1,0.05,,,
1937803,266172,ALIAS_AUTO,HIGH,RESOLVED,ALIAS,0.5567,0.5567,S6_GENERAL_REMAINDER,Real Vinícola Revinor Empalhada Porto,Real Vinícola Revinor,,fortificado,revinor vinho do porto velho,real companhia do norte,,fortificado,token_index,strong_name_token_overlap>=2,1,1,new,,0,1,0.05,,,
1938350,31583,ALIAS_AUTO,HIGH,RESOLVED,ALIAS,0.6700,0.6700,S6_GENERAL_REMAINDER,Ramirez de la Piscina Joven,Ramirez,,tinto,sta ma de la piscina gran reserva,ramirez de la piscina,,tinto,token_index,strong_name_and_producer_overlap,1,1,new,,0,1,0.05,,,
1938372,1371451,ALIAS_AUTO,HIGH,RESOLVED,ALIAS,0.5583,0.5583,S6_GENERAL_REMAINDER,Ramos Pinto 10 År,Ramos Pinto 10,,fortificado,ramos pinto lagrima das damas branco port,ramos pinto,,fortificado,token_index,strong_name_token_overlap>=2,1,1,new,,0,1,0.05,,,
1938427,3742,ALIAS_AUTO,HIGH,RESOLVED,ALIAS,0.6700,0.6700,S6_GENERAL_REMAINDER,Rasteau Les Hauts du Villages,Rasteau,,tinto,les hauts du village rasteau,ortas cave de rasteau,,tinto,token_index,strong_name_token_overlap>=2,1,1,new,,0,1,0.05,,,
1938621,887901,ALIAS_AUTO,HIGH,RESOLVED,ALIAS,0.6542,0.6542,S6_GENERAL_REMAINDER,Ramon Canals: Onna Xarello,Ramon Canals: Onna,,branco,onna xarello ecologic,canals canals,,branco,token_index,strong_name_token_overlap>=2,1,1,new,,0,1,0.05,,,
1938850,30077,ALIAS_AUTO,HIGH,RESOLVED,ALIAS,0.6375,0.6375,S6_GENERAL_REMAINDER,"RAMONET, Bourgogne Aligote 2018 ()","RAMONET,",2018,branco,bourgogne aligote,jeanclaude ramonet,,branco,token_index,strong_name_and_producer_overlap,1,1,new,,0,1,0.05,,,
1939976,71052,ALIAS_AUTO,HIGH,RESOLVED,ALIAS,0.6310,0.6310,S6_GENERAL_REMAINDER,Reynaud Crozes-Hermitage Les Croix Vieilles Vignes,Reynaud Crozes-Hermitage,,tinto,les croix vieilles vignes crozeshermitage,david reynaud domaine les bruyeres,,tinto,token_index,strong_name_token_overlap>=2,1,1,new,,0,1,0.05,,,
1940270,143905,ALIAS_AUTO,HIGH,RESOLVED,ALIAS,0.6500,0.6500,S6_GENERAL_REMAINDER,Reservado Cabernet Sauvignon,Reservado,,tinto,reservado cabernet sauvignon,de los man,,tinto,exact_name|stripped_name,exact_name,1,1,new,,0,1,0.05,,,
1940315,784456,ALIAS_AUTO,HIGH,RESOLVED,ALIAS,0.6867,0.6867,S6_GENERAL_REMAINDER,Richards Wild Irish Rose 17% (),Richards Wild Irish,2018,tinto,wild irish rose red,richards wine company,,tinto,token_index,strong_name_token_overlap>=2,2,2,new,,0,1,0.05,,,
1940757,701974,ALIAS_AUTO,HIGH,RESOLVED,ALIAS,0.6500,0.6500,S6_GENERAL_REMAINDER,"Riesling 0,",,,branco,riesling,the adventures of lady riesling,,branco,stripped_name,name_and_source_to_canonical_producer,1,1,new,,0,1,0.05,,,
1941255,1241681,ALIAS_AUTO,HIGH,RESOLVED,ALIAS,0.8000,0.8000,S6_GENERAL_REMAINDER,Revolution Albarino,Revolution,,branco,albarino,revolution wines,,branco,token_index,strong_name_and_producer_overlap,1,1,new,,0,1,0.05,,,
1904789,1644798,ALIAS_QA,MEDIUM,SECOND_REVIEW,ALIAS,0.4643,0.4643,S2_NO_SOURCE,Vinho Casal Garcia Fruitzy Passion Fruit Maracujá,,,,fruitzy passion fruit,casal garcia,,Sobremesa,token_index,strong_name_token_overlap>=2,0,0,new,,0,1,0.10,,,
1904920,542976,ALIAS_QA,MEDIUM,SECOND_REVIEW,ALIAS,0.4643,0.4643,S2_NO_SOURCE,Vinho Gran Enemigo Agrelo Cabernet Franc 2021,,2021,tinto,gran enemigo single vineyard agrelo cabernet franc,el enemigo,2020,tinto,token_index,strong_name_token_overlap>=2,0,0,new,,0,1,0.10,,,
1935577,209395,ALIAS_QA,MEDIUM,SECOND_REVIEW,ALIAS,0.8071,0.0928,S2_NO_SOURCE,Quinta do Vallado 40 Year Old Tawny,Quinta do Vallado 40,,fortificado,porto 40 years old tawny,quinta do vallado,,fortificado,token_index,strong_name_and_producer_overlap,0,0,matched|new,0.8,0,1,0.10,,,
1926295,1019072,ALIAS_QA,MEDIUM,SECOND_REVIEW,ALIAS,0.4875,0.4875,S3_NO_LINEAGE_OR_ORPHAN,Old Vine Shiraz 2021,old vine shiraz,2021,tinto,old vine shiraz,ts,,tinto,stripped_name,stripped_name,1,1,,,0,1,0.10,,,
1888295,849082,ALIAS_QA,MEDIUM,SECOND_REVIEW,ALIAS,0.4875,0.4875,S4_MULTI_CLEAN_OR_AMBIG_LINEAGE,"Vino Spumante ""Falanghina Brut"" - Feudi di San Gregorio",,,espumante,falanghina brut metodo charmat,feudi di san gregorio,,espumante,token_index,name_and_source_to_canonical_producer,1,1,duplicate|matched|new,0.633,0,1,0.10,,,
1888324,661642,ALIAS_QA,MEDIUM,SECOND_REVIEW,ALIAS,0.4643,0.4643,S4_MULTI_CLEAN_OR_AMBIG_LINEAGE,"Vino Spumante Extra Dry ""Cuvée Blanche"" - Montalbera",,,espumante,cuvee blanche extra dry,montalbera,,espumante,token_index|y2_0.967,y2_plus_text_evidence,1,1,duplicate|matched|new,0.967,0,1,0.10,,,
1888488,25366,ALIAS_QA,MEDIUM,SECOND_REVIEW,ALIAS,0.4875,0.4875,S4_MULTI_CLEAN_OR_AMBIG_LINEAGE,Vino Spumante Brut Ribolla Gialla - I Feudi di Romans,,,espumante,ribolla gialla brut,i feudi di romans,,espumante,token_index,strong_name_token_overlap>=2,1,1,duplicate|new,,0,1,0.10,,,
1888512,437702,ALIAS_QA,MEDIUM,SECOND_REVIEW,ALIAS,0.3714,0.3714,S4_MULTI_CLEAN_OR_AMBIG_LINEAGE,"Vino Spumante Brut ""830 Cuvée Prestige"" - Agriverde",,,espumante,cuvee prestige 830 rose,agriverde,,espumante,y2_0.800,y2_plus_text_evidence,1,1,duplicate|matched|new,0.8,0,1,0.10,,,
1894817,29025,ALIAS_QA,MEDIUM,SECOND_REVIEW,ALIAS,0.4267,0.4267,S4_MULTI_CLEAN_OR_AMBIG_LINEAGE,2021 Coche Dury Auxey Duresses,Coche Dury Auxey,2021,tinto,monthelie 1er cru les duresses,domaine fabien coche domaine cochebizouard,,tinto,token_index,strong_name_and_producer_overlap,1,1,error|new,,0,1,0.10,,,
1896625,803772,ALIAS_QA,MEDIUM,SECOND_REVIEW,ALIAS,0.4583,0.4583,S4_MULTI_CLEAN_OR_AMBIG_LINEAGE,Tocai Collavini 1971,Tocai Collavini,1971,,tocai friuliano friuli venezia giulia,collavini,,branco,token_index,strong_name_and_producer_overlap,1,1,duplicate|new,,0,1,0.10,,,
1925361,521812,ALIAS_QA,MEDIUM,SECOND_REVIEW,ALIAS,0.3900,0.3900,S4_MULTI_CLEAN_OR_AMBIG_LINEAGE,2018 Savennieres Le Croix Picot,Savennieres,2018,branco,la croix picot savennieres,domaine fl,,branco,token_index,strong_name_token_overlap>=2,2,2,duplicate|new,,0,1,0.10,,,
1936085,813229,ALIAS_QA,MEDIUM,SECOND_REVIEW,ALIAS,0.4333,0.4333,S4_MULTI_CLEAN_OR_AMBIG_LINEAGE,Primitivo Puglia 2024,,2024,tinto,primitivo puglia,uno 25,,tinto,stripped_name,stripped_name,1,1,duplicate|new,,0,1,0.10,,,
1937126,1356297,ALIAS_QA,MEDIUM,SECOND_REVIEW,ALIAS,0.4333,0.4333,S4_MULTI_CLEAN_OR_AMBIG_LINEAGE,Райсес Гран Резерва / Raices Gran Reserva,Райсес Гран Резерва,,tinto,reserva,tres raices,,tinto,y2_1.000,y2_plus_text_evidence,2,1,matched|new,1.0,0,1,0.10,,,
1886920,56414,ALIAS_QA,MEDIUM,SECOND_REVIEW,ALIAS,0.4500,0.4500,S5_SOURCE_RICH_STRUCTURED,VISTAMARE GAJA – CA’ MARCANDA,VISTAMARE GAJA –,,branco,camarcanda vistamare toscana,gaja,2023,branco,token_index,strong_name_and_producer_overlap,6,4,new,,0,1,0.10,,,
1888115,926523,ALIAS_QA,MEDIUM,SECOND_REVIEW,ALIAS,0.4643,0.0929,S5_SOURCE_RICH_STRUCTURED,Vino Sul Vulcano Etna Rosso Doc Donnafugata,,,,sul vulcano etna rosso,donnafugata,,tinto,token_index,strong_name_token_overlap>=2,5,5,new,,0,1,0.10,,,
1888118,892423,ALIAS_QA,MEDIUM,SECOND_REVIEW,ALIAS,0.4643,0.0929,S5_SOURCE_RICH_STRUCTURED,Vino Sul Vulcano Etna Bianco Doc Donnafugata,,,,sul vulcano etna bianco,donnafugata,,branco,token_index,strong_name_token_overlap>=2,3,3,new,,0,1,0.10,,,
1891683,7658,ALIAS_QA,MEDIUM,SECOND_REVIEW,ALIAS,0.4567,0.4567,S5_SOURCE_RICH_STRUCTURED,Trebbiano d'Abruzzo Emidio Pepe 2022 .,Trebbiano d'Abruzzo Emidio,2022,,trebbiano dabruzzo,emidio pepe,,branco,token_index,strong_name_and_producer_overlap,7,7,new,,0,1,0.10,,,
1892658,67854,ALIAS_QA,MEDIUM,SECOND_REVIEW,ALIAS,0.4333,0.1083,S5_SOURCE_RICH_STRUCTURED,Vino Tinto El Coto Mayor Crianza,,,tinto,coto mayor crianza,el coto,2017,tinto,stripped_name|token_index,stripped_name,3,3,new,,0,1,0.10,,,
1904362,11798,ALIAS_QA,MEDIUM,SECOND_REVIEW,ALIAS,0.4333,0.1083,S5_SOURCE_RICH_STRUCTURED,Vinho Il Poggione Rosso di Toscana,,,tinto,toscana rosso,tenuta il poggione,2022,tinto,token_index,name_and_source_to_canonical_producer,25,24,new,,0,1,0.10,,,
1906006,36731,ALIAS_QA,MEDIUM,SECOND_REVIEW,ALIAS,0.4875,0.4875,S5_SOURCE_RICH_STRUCTURED,Vinho De Grendel Rubaiyat,,,,rubaiyat,de grendel,,tinto,token_index,name_and_source_to_canonical_producer,3,1,new,,0,1,0.10,,,
1906064,14442,ALIAS_QA,MEDIUM,SECOND_REVIEW,ALIAS,0.3536,0.3536,S5_SOURCE_RICH_STRUCTURED,"Villa Antinori rosso 2023 Toscana IGT, Antinori 0,75",Villa Antinori,2023,,villa antinori toscana bianco,antinori,2023,branco,token_index,strong_name_token_overlap>=2,3,1,new,,0,1,0.10,,,
1915425,685955,ALIAS_QA,MEDIUM,SECOND_REVIEW,ALIAS,0.4267,0.4267,S5_SOURCE_RICH_STRUCTURED,Pépière 2019 Monnieres St Fiacre,Pépière Monnieres St,2019,branco,monnieressaint fiacre,domaine de la pepiere,,branco,token_index,strong_name_and_producer_overlap,4,2,new,,0,1,0.10,,,
1919045,133061,ALIAS_QA,MEDIUM,SECOND_REVIEW,ALIAS,0.4750,0.4750,S5_SOURCE_RICH_STRUCTURED,"2024 Sadie Family ""Pofadder"" Swartland Cinsault",Sadie,2024,tinto,pofadder die ouwingerdreeks,sadie family,,tinto,token_index,strong_name_and_producer_overlap,7,5,new,,0,1,0.10,,,
1923496,1376743,ALIAS_QA,MEDIUM,SECOND_REVIEW,ALIAS,0.3850,0.3850,S5_SOURCE_RICH_STRUCTURED,2019 Clandestin - Boreal Brut Nature,Clandestin - Boreal,2019,espumante,les semblables boreal champagne,clandestin,,espumante,token_index,strong_name_and_producer_overlap,5,4,new,,0,1,0.10,,,
1933940,869615,ALIAS_QA,MEDIUM,SECOND_REVIEW,ALIAS,0.7778,0.0722,S5_SOURCE_RICH_STRUCTURED,Silvio Nardi Brunello di Montalcino Riserva Poggio Doria 2012,Silvio Nardi,2012,,vigneto poggio doria brunello di montalcino riserva,tenute silvio nardi,,tinto,token_index,strong_name_token_overlap>=2,3,3,new,,0,1,0.10,,,
