num,clean_id,loja_nome,destino_atual,score_atual,wl,vivino_id_atual,vivino_nome_atual,llm
1,3474570,02 1,D,0,0,0,,X
2,3034035,02 patriarche heritage brut 02,A,0.485,1,102722,patriarche pere fils — heritage brut,W|Patriarche|Heritage Brut|FR|s|V|Champagne
3,3481688,020 makis theofylaktopoulos greek 19392023 ar,C2,0,1,0,,X
4,3059497,0375 fanagoria ice wine riesling 0375 in gb,A,0.507,1,54310,fanagoria — ice wine riesling,W|Fanagoria|Ice Wine Riesling|??|w|N
5,1441041,1 guest 300623 2pm,D,0,0,0,,X
6,1625287,1 stk oddenmrke,D,0,0,0,,X
7,2773772,10 sweet desire with birthday balloon,D,0,0,0,,X
8,3867832,100 2019,D,0,0,0,,X
9,223181,100 days cabernet sauvignon 2023,A,0.523,4,1153523,stranger days — cabernet sauvignon,W|??|100 Days Cabernet Sauvignon|US|r|N
10,2356755,100 hectares grande reserva sousao tinto 2021,A,0.823,7,826775,100 hectares — sousao,W|100 Hectares|Grande Reserva Sousao|PT|r|V|Dão
11,2195725,100 hectares pack estrelas 3x,A,0.612,4,708253,100 hectares — filigrana,X
12,1877744,100 zena crna ovca,A,0.674,2,1586627,vinarija 100 zena — crna ovca franc cabernet franc,X
13,883970,10th street distillers cut peated single malt,D,0,0,0,,S
14,9155,116 2016,D,0,0,0,,X
15,3877551,12 2008,D,0,0,0,,X
16,2294958,12er vorteilsweinpaket mandus primitivo di manduria doc pietra pura,C2,0.285,2,0,,W|Pietra Pura|Mandus Primitivo di Manduria|IT|r|V|Primitivo di Manduria
17,3892588,150ssr4,D,0,0,0,,X
18,8357,1516 weihenstephaner 1516 kellerbier,D,0,0,0,,X
19,149082,16oz cocktail shaker,D,0,0,0,,X
20,1990716,1707 chardonnay barrica,B,0.258,3,0,,W|??|Chardonnay Barrica|ES|w|N
21,3922805,170g70g,D,0,0,0,,X
22,2861161,18 inches cream hug me bear,D,0,0,0,,X
23,396962,1800 coconut silver,D,0,0,0,,S
24,2758533,18th cafe lcc perrier carbonated mineral water l46380 france,D,0,0,0,,X
25,1180388,19 crimes pinot noir punishmen,A,0.739,4,1706929,19 crimes — tho delamy pinot noir,W|19 Crimes|Pinot Noir|AU|r|V|South Eastern Australia
26,784340,19 crimes red blend 12 bottles,A,0.730,3,406577,19 crimes — red blend,W|19 Crimes|Red Blend|AU|r|V|South Eastern Australia
27,703575,1937 ferdinand pieroth riesling feine auslese fruchtig,A,0.462,5,1184963,pieroth — cuvee ferdinand,W|Ferdinand Pieroth|Riesling Feine Auslese Fruchtig|DE|w|V|Mosel
28,2755236,1953 valpolicella bolla,C2,0.450,2,0,,W|Bolla|Valpolicella|IT|r|V|Valpolicella
29,1364244,1957 salice gran riserva leone de castris 0,B,0.424,4,0,,W|Leone de Castris|Salice Gran Riserva|IT|r|V|Salice Salentino
30,3885119,1958 2021,D,0,0,0,,X
31,703469,1958 weinkellerei jakob undernach riesling qba trocken,B,0.435,5,0,,W|Weinkellerei Jakob Undernach|Riesling QBA Trocken|DE|w|V|Pfalz
32,2748675,1959 vino negri castel chiuro,A,0.383,1,342287,nino negri — castel chiuro valtellina,W|Castel Chiuro|Vino Negri|IT|r|N
33,1328166,1961 chianti melini 0,C2,0.450,2,0,,W|Melini|Chianti|IT|r|V|Chianti
34,2729761,1961 gattinara borgomanero,A,0.358,1,239218,cantina sociale di gattinara — gattinara,W|Borgomanero|Gattinara|IT|r|V|Gattinara
35,952761,1965 viuva gomes colares tinto rotulo branco,A,0.623,4,1671812,viuva gomes — viticultores branco,W|Viuva Gomes|Colares Tinto Rotulo Branco|PT|r|V|Colares
36,1321865,1966 barolo riserva cantine piero lanzavecchia,A,0.429,2,444297,piero lanzavecchia — barolo riserva,W|Cantine Piero Lanzavecchia|Barolo Riserva|IT|r|V|Barolo
37,1320851,1968 chianti riserva fattoria di tizzano,A,0.380,3,1174587,fattoria di lucignano — chianti riserva,W|Fattoria di Tizzano|Chianti Riserva|IT|r|V|Chianti Classico
38,1833099,1969 mayacamas california mountain cabernet sauvignon jg92,A,0.623,6,1592460,california winery — cabernet sauvignon,W|Mayacamas Vineyards|California Mountain Cabernet Sauvignon|US|r|V|Napa Valley
39,2747795,1973 barolo fratelli serio battista borgogno,A,0.533,2,61263,fratelli serio battista borgogno — barolo,W|Fratelli Serio Battista Borgogno|Barolo|IT|r|V|Barolo
40,906991,1973 madeira doliveiras boal,A,0.855,6,263003,doliveiras — boal madeira,W|Doliveiras|Boal Madeira|PT|f|V|Madeira
41,1321929,1973 vernaccia vini classici di sardega,B,0.342,3,0,,W|Vini Classici di Sardegna|Vernaccia|IT|w|V|Vernaccia di San Gimignano
42,911017,1974 udaca tinto,A,0.847,4,1519787,udaca — tinto,W|Udaca|Tinto|PT|r|N
43,2739578,1975 valpolicella masi,C2,0.445,1,0,,W|Masi|Valpolicella|IT|r|V|Valpolicella
44,1800189,1976 chateau rieussec sauternes,A,0.735,5,72160,chateau rieussec — carmes de rieussec sauternes,W|Chateau Rieussec|Sauternes|FR|w|V|Sauternes
45,2750590,1978 barbaresco michele varaldo,A,0.333,2,21474,michele chiarlo — barbaresco reyna,W|Michele Varaldo|Barbaresco|IT|r|V|Barbaresco
46,2045053,1978 paul jaboulet hermitage la chapelle,A,0.751,5,6016,paul jaboulet aine — hermitage la petite chapelle,W|Paul Jaboulet Aîné|Hermitage La Chapelle|FR|r|V|Hermitage
47,3931916,1980s glenfarclas 10 yo,D,0,0,0,,S
48,3933089,1980s martell 3 star vs,B,0.406,3,0,,S
49,2870736,1982 joseph phelps insignia napa valley,A,0.585,5,9076,joseph phelps vineyards — insignia,W|Joseph Phelps Vineyards|Insignia|US|r|V|Napa Valley
50,2882197,1983 domaine de la romanee conti la tache grand cru monopole,B,0.282,6,0,,W|Domaine de la Romanée-Conti|La Tâche Grand Cru Monopole|FR|r|V|Vosne-Romanée
51,2741758,1985 barolo marchesi di barolo,A,0.500,2,1181842,marchesi di barolo — valletta barolo,W|Marchesi di Barolo|Barolo|IT|r|V|Barolo
52,720813,1985 furst lowenstein hallgarten schonhell rheingau rieslingkabinett,A,0.641,4,674048,furst lowenstein — l hallgarten schonhell,W|Fürst Löwenstein|Hallgarten Schönhell Riesling Kabinett|DE|w|V|Rheingau
53,2731308,1985 merlot flli gaspardo,C2,0.167,2,0,,W|F.lli Gaspardo|Merlot|IT|r|N
54,2743508,1985 vino nobile di montepulciano innocenti,C2,0.409,2,0,,W|Innocenti|Vino Nobile di Montepulciano|IT|r|V|Vino Nobile di Montepulciano
55,2933134,1986 domaine de la romanee conti echezeaux burgundy,B,0.140,5,0,,W|Domaine de la Romanée-Conti|Echézeaux Grand Cru|FR|r|V|Vosne-Romanée
56,1320904,1986 saintemilion prince gonzalve du puy,A,0.421,3,415364,domaine du prince — lou prince,W|Chateau Prince Gonzalve du Puy|Saint-Émilion|FR|r|N
57,953024,1988 capitulo branco,A,0.747,4,931301,capitulo 7 — pedro ximenez,W|Capitulo|Branco|PT|w|N
58,1809573,1990 vouvray reserve personelle chateau gaudrelle,A,0.513,6,262978,cave des producteurs de vouvray — reserve des producteurs vouvray,W|Chateau Gaudrelle|Vouvray Reserve Personelle|FR|w|V|Vouvray
59,3874496,1992 4,D,0,0,0,,X
60,2746759,1992 chateauneuf du pape la nerthe,A,0.583,3,348100,negociant eleveur chateauneuf du pape — chateuneuf du pape,W|La Nerthe|Châteauneuf-du-Pape|FR|r|V|Châteauneuf-du-Pape
61,2757476,1992 muscat de rivesaltes domaine mas amiel,B,0.403,6,0,,W|Domaine Mas Amiel|Muscat de Rivesaltes|FR|d|V|Rivesaltes
62,2756472,1993 brunello di montalcino fattoria campogiovanni,B,0.396,3,0,,W|Fattoria Campogiovanni|Brunello di Montalcino|IT|r|V|Brunello di Montalcino
63,719742,1993 ladoucette pouillyfume sauvignon blanc,A,0.670,3,15814,de ladoucette — pouillyfume,W|Domaine Ladoucette|Pouilly-Fumé|FR|w|V|Pouilly-Fumé
64,791063,1993 mayacamas cabernet sauvignon napa valley,A,0.610,6,6871,mayacamas — cabernet sauvignon,W|Mayacamas Vineyards|Cabernet Sauvignon|US|r|V|Napa Valley
65,699590,1994 hans wirsching riesling spatlese fruchtig,A,0.654,6,216091,hans wirsching — iphofer juliusechterberg riesling spatlese trocken,W|Hans Wirsching|Riesling Spätlese Fruchtig|DE|w|V|Franconia
66,2743284,1995 sauternes premier cru chateau suduiraut,A,0.475,5,310160,duc de sauternes — sauternes,W|Chateau Suduiraut|Sauternes Premier Cru|FR|w|V|Sauternes
67,1683650,1996 louis roederer vintage brut,A,0.820,6,823974,louis roederer — brut champagne vintage,W|Louis Roederer|Vintage Brut|FR|s|V|Champagne
68,1703642,1997 drc domaine de la romanee conti romaneeconti grand cru rp95pts,B,0.354,5,0,,W|Domaine de la Romanée-Conti|Romanée-Conti Grand Cru|FR|r|V|Vosne-Romanée
69,948699,1997 luis pato vinhas velhas tinto,B,0.597,4,0,,W|Luis Pato|Vinhas Velhas|PT|r|V|Bairrada
70,269973,1997 numero 1 blanc maison dourthe,A,0.612,4,931757,numero 20 — blanc,W|Maison Dourthe|Numéro 1 Blanc|FR|w|N
71,971095,1997 tba no 6 chardonnay,B,0.165,3,0,,W|??|TBA No. 6 Chardonnay|??|w|N
72,911297,1998 herdade do esporao aragones tinto,A,0.572,3,16603,herdade do peso — aragones alentejo tinto,W|Herdade do Esporão|Aragones Tinto|PT|r|V|Alentejo
73,311792,1998 montus madiran future arrival,A,0.512,3,21650,chateau montus — madiran,W|Montus|Madiran|FR|r|N
74,2986752,1999 henri giraud fut de chene 1999,C2,0.479,1,0,,W|Henri Giraud|Fut de Chêne|FR|s|V|Champagne
75,3698332,2 2,D,0,0,0,,X
76,2392525,2 layer lucky bamboo,D,0,0,0,,X
77,136706,2001 chateau coutet barsac,A,0.735,5,28499,chateau coutet — cuvee madame barsac,W|Chateau Coutet|Barsac|FR|w|V|Barsac
78,1347735,2001 la spinetta barbaresco valeirano vursu vigneto,A,0.765,6,1510426,la spinetta — vursu barbaresco valeirano riserva,W|La Spinetta|Barbaresco Valeirano Vursu Vigneto|IT|r|V|Barbaresco
79,2539968,2002 chateau giscours 3eme cru classe margaux,A,0.622,7,7510,chateau giscours — chateau giscours grand cru classe,W|Chateau Giscours|Margaux 3eme Cru Classé|FR|r|V|Margaux
80,2390737,2002 chateau troplong mondot saint emilion grand cru classe,A,0.682,7,52487,chateau troplong mondot — saintemilion grand cru premier grand cru classe,W|Chateau Troplong Mondot|Saint-Émilion Grand Cru Classé|FR|r|V|Saint-Émilion
81,3626901,2004 glaetzer shiraz barossa valley,A,0.565,6,315996,glaetzer — shiraz,W|Glazer|Shiraz|AU|r|V|Barossa Valley
82,1464037,2005 frederic magnien latriciereschambertin grand cru,B,0.358,4,0,,W|Frédéric Magnien|Gevrey-Chambertin Grand Cru|FR|r|V|Gevrey-Chambertin
83,2982532,2006 egon muller scharzhofberger riesling auslese mosel,A,0.681,5,872422,egon muller scharzhof — scharzhofberger riesling auslese goldkapsel,W|Egon Müller Scharzhof|Scharzhofberger Riesling Auslese|DE|w|V|Mosel
84,1578796,2006 pingus,C2,0.425,1,0,,W|Pingus|Dominio de Pingus|ES|r|V|Ribera del Duero
85,1085419,2007 gantenbein pinot noir graubunden,A,0.633,5,79174,daniel marta gantenbein — pinot noir,W|Gantenbein|Pinot Noir Graubünden|CH|r|V|Graubünden
86,822037,2007 moss wood cabernet sauvignon,A,0.780,5,21728,moss wood — cabernet sauvignon,W|Moss Wood|Cabernet Sauvignon|AU|r|V|Margaret River
87,407088,2008 dom perignon rose lady gaga edition luminous,A,0.691,5,1399410,dom perignon — lady gaga edition rose champagne,W|Dom Pérignon|Rosé Lady Gaga Edition Luminous|FR|s|V|Champagne
88,755607,2008 perrier jouet belle epoque,B,0.383,5,0,,W|Perrier-Jouët|Belle Époque|FR|s|V|Champagne
89,751675,2008 schramsberg brut rose sparkling wine north coast,A,0.618,6,220715,schramsberg — brut sonoma coast,W|Schramsberg Vineyards|Brut Rosé Sparkling Wine|US|s|V|North Coast
90,2309162,2009 chateau gruaud larose grand cru,A,0.735,5,18117,chateau gruaud larose — saintjulien grand cru classe,W|Chateau Gruaud Larose|Saint-Julien Grand Cru Classé|FR|r|V|Saint-Julien
91,1043667,2009 domaine cecile tremblay vosneromanee vieilles vignes future arrival,A,0.667,3,110055,domaine cecile tremblay — vieilles vignes vosneromanee,W|Domaine Cécile Tremblay|Vosne-Romanée Vieilles Vignes|FR|r|N
92,1349312,2009 domaine de montille corton clos de roi grand cru,A,0.858,6,261054,domaine de montille — corton grand cru clos du roi,W|Domaine de Montille|Corton Clos de Roi Grand Cru|FR|r|V|Corton
93,362118,2009 domaine didier dagueneau pouillyfume silex future arrival,A,0.434,3,107020,didier dagueneau louisbenjamin dagueneau — silex,W|Domaine Didier Dagueneau|Pouilly-Fumé Silex|FR|w|N
94,2933981,2009 fourrier griotteschambertin burgundy,A,0.562,3,40456,domaine fourrier — vieille vigne griotteschambertin grand cru,W|Domaine Fourrier|Griotteschambertin|FR|r|V|Gevrey-Chambertin
95,907604,2009 niepoort lbv porto 37,A,0.815,5,1300198,niepoort — fabelhaft porto lbv,W|Niepoort|LBV Porto|PT|f|V|Port
96,2730504,2009 riesling dobre pole stare pozny zbior mikrosvin mikulov,C2,0.330,2,0,,W|Mikrosvin|Riesling Dobre Pole Stare Pozny Zbior|CZ|w|N
97,1051992,2009 sine qua non the thrill of stamp collecting california,A,0.736,4,136410,sine qua non — the thrill of stamp collecting,W|Sine Qua Non|The Thrill of Stamp Collecting|US|r|N
98,6588,2010 12,D,0,0,0,,X
99,821939,2010 charles melton nine popes gsm,B,0.446,5,0,,W|Charles Melton|Nine Popes GSM|AU|r|V|Barossa Valley
100,912208,2010 chateau duhartmilon pauillac tinto,A,0.790,5,12553,chateau duhartmilon — moulin de duhart pauillac,W|Chateau Duhart-Milon|Pauillac|FR|r|V|Pauillac
101,1829168,2010 chateau hosanna pomerol,A,0.855,6,30783,chateau hosanna — pomerol,W|Chateau Hosanna|Pomerol|FR|r|V|Pomerol
102,2093378,2010 chateau moulin peylabrie canonfronsac,A,0.860,4,72353,chateau moulin peylabrie — chateau moulin canonfronsac,W|Chateau Moulin Peylabrie|Canon-Fronsac|FR|r|V|Canon-Fronsac
103,1683960,2010 domaine comte georges de vogue chambollemusigny,A,0.498,6,1079441,georges blanc — domaine de la cote de nety beaujolaisvillages,W|Domaine Comte Georges de Vogüé|Chambolle-Musigny|FR|r|V|Chambolle-Musigny
104,2980825,2010 domaine fourrier chambollemusigny vieille vigne,A,0.863,4,40452,domaine fourrier — vieille vigne chambollemusigny,W|Domaine Fourrier|Chambolle-Musigny Vieille Vigne|FR|r|V|Chambolle-Musigny
105,2980298,2010 joseph drouhin montrachet grand cru marquis de laguiche,A,0.869,6,112239,joseph drouhin — montrachet grand cru marquis de laguiche,W|Joseph Drouhin|Montrachet Grand Cru Marquis de Laguiche|FR|w|V|Montrachet
106,3627988,2011 chateau potensac medoc,A,0.755,5,14154,chateau potensac — medoc,W|Chateau Potensac|Médoc|FR|r|V|Médoc
107,3625273,2011 domaine tortochot charmeschambertin grand cru,A,0.783,3,340744,domaine tortochot — charmeschambertin grand cru,W|Domaine Tortochot|Charmes-Chambertin Grand Cru|FR|r|V|Gevrey-Chambertin
108,2920885,2012 chateau canon premier grand cru classe b saintemilion grand cru,A,0.848,7,47232,chateau canon — saintemilion grand cru premier grand cru classe,W|Chateau Canon|Premier Grand Cru Classé B Saint-Émilion|FR|r|V|Saint-Émilion
109,1182251,2012 siro pacenti brunello di montalcino pelagrilli,A,0.866,6,275550,siro pacenti — pelagrilli brunello di montalcino,W|Siro Pacenti|Brunello di Montalcino Pelagrilli|IT|r|V|Brunello di Montalcino
110,2930824,2013 joseph phelps backus vineyard cabernet,A,0.492,5,1237311,joseph phelps vineyards — freestone vineyards ovation brut,W|Joseph Phelps Vineyards|Backus Vineyard Cabernet|US|r|V|Napa Valley
111,1179400,2013 littorai hirsch pinot noir sonoma coast,A,0.701,7,29717,littorai — hirsch vineyard pinot noir,W|Littorai Wines|Hirsch Pinot Noir|US|r|V|Sonoma Coast
112,2740555,2013 loupiac chateau du vieux moulin,B,0.433,5,0,,W|Chateau du Vieux Moulin|Loupiac|FR|w|V|Loupiac
113,915762,2013 quinta da pellada casa tinto,A,0.847,5,73545,quinta da pellada — tinto,W|Quinta da Pellada|Casa Tinto|PT|r|V|Dão
114,1830747,2013 tua rita redigaffi rossoditoscana igt,A,0.665,3,16478,tua rita — redigaffi toscana,W|Tua Rita|Redigaffi|IT|r|V|Toscana IGT
115,1065738,2013 verite le desir sonoma county,A,0.575,5,5574,verite — le desir,W|Verité|Le Désir|US|r|V|Sonoma County
116,497934,2014 chateau gazin,A,0.813,6,536270,chateau gazin — graves,W|Chateau Gazin|Pomerol|FR|r|V|Pomerol
117,3057951,2014 chateau la mission hautbrion blanc pessacleognan future arrival,A,0.661,5,677740,chateau la mission hautbrion — pessacleognan blanc grand cru classe de graves,W|Chateau La Mission Haut-Brion|Blanc Pessac-Léognan|FR|w|N
118,313710,2014 domaine faiveley corton grand cru clos des cortons faiveley future arrival,A,0.635,5,13853,faiveley — corton clos des cortons faiveley grand cru monopole,W|Domaine Faiveley|Corton Grand Cru Clos des Cortons Faiveley|FR|r|N
119,1171336,2014 domaine francois lamarche grands echezeaux grand cru,A,0.670,6,110902,domaine nicole lamarche francois lamarche — echezeaux grand cru,W|Domaine François Lamarche|Grands Échezeaux Grand Cru|FR|r|V|Vosne-Romanée
120,645323,2014 gutturnio vignamorello superiore rosso la tosa 6er paket,A,0.346,2,317956,la tosa — vignamorello gutturnio superiore,W|La Tosa|Gutturnio Vignamorello Superiore Rosso|IT|r|N
121,1654560,2014 hoffmann rathbone rose reserve england,A,0.567,6,1136565,hoffmann rathbone — pinot noir,W|Hoffmann & Rathbone|Rose Reserve|GB|s|N
122,3573800,2014 opus one,A,0.967,4,290866,opus one — opus one,W|Opus One|Opus One|US|r|V|Napa Valley
123,2927682,2014 sine qua non piranha waterdance syrah,A,0.713,4,720425,sine qua non — piranha waterdance,W|Sine Qua Non|Piranha Waterdance Syrah|US|r|N
124,3095583,2015 beringer vineyards private reserve cabernet sauvignon napa valley usa,A,0.713,7,762320,beringer — premiere napa valley cabernet sauvignon,W|Beringer Vineyards|Private Reserve Cabernet Sauvignon|US|r|V|Napa Valley
125,989419,2015 bodegas y vinedos alnardo psi ribera del duero do future arrival,B,0.415,5,0,,W|Bodegas y Viñedos Alnardo|PSI|ES|r|N
126,3662537,2015 cg paris chiroubles vieilles vignes,A,0.599,3,729289,christine et gilles paris — vieilles vignes chiroubles,W|CG Paris|Chiroubles Vieilles Vignes|FR|r|N
127,501125,2015 chateau beychevelle saint julian 4eme cru classe,A,0.567,7,12503,chateau beychevelle — saintjulien grand cru classe,W|Chateau Beychevelle|Saint-Julien 4eme Cru Classé|FR|r|V|Saint-Julien
128,1060473,2015 chateau dyquem premier cru superieur sauternes,A,0.626,5,1333959,chateau dyquem — sauternes dyquem,W|Chateau d'Yquem|Premier Cru Supérieur Sauternes|FR|w|V|Sauternes
129,1919988,2015 chateau leoville barton 2eme cru classe saintjulien,A,0.751,7,12087,chateau leoville barton — saintjulien grand cru classe,W|Chateau Léoville Barton|2eme Cru Classé Saint-Julien|FR|r|V|Saint-Julien
130,3626049,2015 dom perignon,A,0.837,4,21557,dom perignon — brut champagne,W|Dom Pérignon|Vintage Brut|FR|s|V|Champagne
131,630270,2015 domaine armand rousseau ruchotteschambertin grand cru clos des ruchottes,A,0.870,4,22366,domaine armand rousseau — ruchotteschambertin grand cru clos des ruchottes,W|Domaine Armand Rousseau|Gevrey-Chambertin Grand Cru Clos des Ruchottes|FR|r|V|Gevrey-Chambertin
132,1830221,2015 domaine georges roumier chambolle musigny les cras premier cru,A,0.626,5,28163,domaine g roumier — chambollemusigny 1er cru les cras,W|Domaine Georges Roumier|Chambolle-Musigny Les Cras Premier Cru|FR|r|V|Chambolle-Musigny
133,2213972,2015 domaine parent corton grand cru les renardes,A,0.855,6,268095,parent — corton grand cru les renardes,W|Domaine Parent|Corton Grand Cru Les Renardes|FR|r|V|Corton
134,3016294,2015 grasso tiziano barolo briccolina future arrival,A,0.641,4,725076,grasso tiziano — briccolina barolo,W|Grasso Tiziano|Barolo Briccolina|IT|r|N
135,1006048,2015 la spinetta barbaresco gallina vursu future arrival,A,0.629,4,1501134,la spinetta — vursu barbaresco gallina riserva,W|La Spinetta|Barbaresco Gallina Vursu|IT|r|N
136,821980,2015 pol roger cuvee sir winston churchill,A,0.841,6,1664798,pol roger — cuvee sir winston churchill vinotheque brut,W|Pol Roger|Cuvée Sir Winston Churchill|FR|s|V|Champagne
137,2792579,2015 pride merlot,A,0.813,5,1370771,peppers pride — merlot,W|Pride Mountain Vineyards|Merlot|US|r|V|Napa Valley
138,1340212,2015 quinta dos murcas vv47,A,0.860,6,795804,quinta dos murcas — vv47,W|Quinta dos Murças|VV47|PT|r|V|Douro
139,916247,2015 schloss gobelsburg heiligenstein riesling branco,A,0.703,5,306324,schloss gobelsburg — ried heiligenstein 1 otw,W|Schloss Gobelsburg|Heiligenstein Riesling Branco|AT|w|V|Kamptal
140,3033230,2016 15 gaja sperss barolo 2016,A,0.510,2,14785,gaja — sperss barolo,W|Gaja|Sperrs Barolo|IT|r|V|Barolo
141,1769412,2016 august kesseler assmannshauser hollenberg spatburgunder trocken,A,0.866,4,368674,august kesseler — assmannshauser hollenberg spatburgunder trocken,W|August Kesseler|Assmannshauser Hollenberg Spätburgunder Trocken|DE|r|V|Rheingau
142,144003,2016 chateau beychevelle saintjulien bordeaux,A,0.683,5,43612,chateau beychevelle — amiral de beychevelle saintjulien,W|Chateau Beychevelle|Saint-Julien Bordeaux|FR|r|V|Saint-Julien
143,3198851,2016 chateau cos destournel saintestephe bordeaux france,A,0.462,6,401281,chateau la rose saintestephe — cuvee prestige saintestephe,W|Chateau Cos d'Estournel|Saint-Estèphe Bordeaux|FR|r|V|Saint-Estèphe
144,762518,2016 chateau de pulignymontrachet chassagnemontrachet,B,0.395,6,0,,W|Chateau de Puligny-Montrachet|Chassagne-Montrachet|FR|w|V|Chassagne-Montrachet
145,1042750,2016 chateau des tours cotes du rhone rouge future arrival,A,0.711,5,1558789,chateau des tours — grande reserve cotes du rhone rouge,W|Chateau des Tours|Côtes du Rhône Rouge|FR|r|N
146,3097806,2016 chateau fontaine semisweet white riesling leelanau peninsula usa,A,0.324,4,235976,silver leaf — leelanau peninsula riesling semisweet,W|Chateau Fontaine|Semisweet White Riesling|US|w|N
147,3192893,2016 claudio quarta taurasi campania italy,A,0.690,4,1532183,claudio quarta — taurasi,W|Claudio Quarta|Taurasi|IT|r|V|Taurasi
148,755837,2016 domaine heitzlochardet pommard premier cru les rugiens,A,0.559,3,1117142,chateau de pommard — clos mareymonge les paules pommard,W|Domaine Heitz-Lochardet|Pommard Premier Cru Les Rugiens|FR|r|V|Pommard
149,1427618,2016 dumol chardonnay isobel russian river valley,A,0.713,5,9758,dumol — russian river valley chardonnay,W|Dumol|Chardonnay Isobel|US|w|V|Russian River Valley
150,2606799,2016 folie de chauvin saintemilion grand cru,A,0.525,6,1280178,vent de folie — rouge,W|Chateau de Fontaine|Saint-Émilion Grand Cru|FR|r|N
151,165131,2016 frederic cossard bourgogne bedeau,A,0.458,6,1288976,la cave de bourgogne — aloxecorton,W|Frederic Cossard|Bourgogne Bedeau|FR|r|V|Bourgogne
152,3624134,2016 gaja barolo sperss,A,0.600,5,1129941,gaja — conteisa barolo,W|Gaja|Barolo Sperss|IT|r|V|Barolo
153,917132,2016 herdade do freixo sauvignon blanc branco,A,0.576,5,1388806,herdade do freixo — special edition rose,W|Herdade do Freixo|Sauvignon Blanc|PT|w|V|Alentejo
154,3158616,2016 lodali barolo bricco ambrogio,A,0.780,5,402701,lodali — bricco ambrogio barolo,W|Lodali|Barolo Bricco Ambrogio|IT|r|V|Barolo
155,3661581,2016 marchesi di barolo barolo riserva,A,0.780,5,834,marchesi di barolo — barolo riserva,W|Marchesi di Barolo|Barolo Riserva|IT|r|V|Barolo
156,917780,2016 quinta nova grainha reserva tinto,A,0.666,3,110794,quinta nova de nossa senhora do carmo — grainha reserva,W|Quinta Nova|Grainha Reserva Tinto|PT|r|V|Douro
157,448500,2016 tierra del itata chile,A,0.595,4,1316939,tierra del condor — torrontes,W|??|??|CL|r|N
158,532706,2017 brunello di montalcino docg,C2,0.368,2,0,,W|??|Brunello di Montalcino DOCG|IT|r|N
159,3011593,2017 chateau la grave pomerol future arrival,B,0.414,5,0,,W|Chateau La Grave|Pomerol|FR|r|V|Pomerol
160,1907431,2017 chateau lafleurgazin pomerol,A,0.855,6,30363,chateau lafleurgazin — pomerol,W|Chateau Lafleur-Gazin|Pomerol|FR|r|V|Pomerol
161,516557,2017 clos marsalette rouge 6 pack,A,0.612,5,12543,clos marsalette — pessacleognan,W|Clos Marsalette|Rouge|FR|r|V|Pessac-Léognan
162,3046792,2017 domaine christian clerget echezeaux grand cru en orveaux future arrival,A,0.656,5,1521503,domaine christian clerget — echezeaux grand cru en orveaux,W|Domaine Christian Clerget|Echezeaux Grand Cru En Orveaux|FR|r|V|Echezeaux
163,2527855,2017 domaine pattes loup vent d ange chablis,A,0.685,5,340065,domaine pattes loup — chablis vent dange,W|Domaine Pattes Loup|Vent d'Ange Chablis|FR|w|V|Chablis
164,2529668,2017 don young vines pinot noir,A,0.513,4,1646627,kelley young — pinot noir,W|Don Young Vines|Pinot Noir|??|r|N
165,350885,2017 elvio cogno barolo ravera,A,0.840,6,11251,elvio cogno — barolo ravera,W|Elvio Cogno|Barolo Ravera|IT|r|V|Barolo
166,882461,2017 guiborat de caures a montaigu champagne,A,0.863,6,1403933,guiborat — de caures montaigu champagne,W|Guiborat de Caures|A Montaigu Champagne|FR|s|V|Champagne
167,3059658,2017 joseph faiveley meursault premier cru charmes future arrival,A,0.461,4,578220,chateau de meursault — meursault premier cru les charmes dessus,W|Joseph Faiveley|Meursault Premier Cru Charmes|FR|w|V|Meursault
168,2960044,2017 julian haart piesporter goldtropfchen riesling mosel,A,0.482,4,18726,reuscher haart — piesporter goldtropfchen riesling spatlese,W|Julian Haart|Piesporter Goldtröpfchen Riesling|DE|w|V|Mosel
169,970733,2017 la muse magnum,A,0.475,3,1255752,magnum — gran reserva carmenere,W|??|La Muse|??|??|N
170,3046586,2017 marie courtin efflorescence extra brut future arrival,C2,0.233,2,0,,W|Marie Courtin|Efflorescence Extra Brut|FR|s|V|Champagne
171,764805,2017 olivier leflaive pulignymontrachet les enseigneres,A,0.553,3,1116052,domaine leflaive — leflaive associes pulignymontrachet,W|Olivier Leflaive|Puligny-Montrachet Les Enseigneres|FR|w|V|Puligny-Montrachet
172,138352,2017 pierre yves colinmorey puligny montrachet burgundy,A,0.498,6,1106914,pierreyves colinmorey — puligny montrachet,W|Pierre-Yves Colin-Morey|Puligny Montrachet|FR|w|V|Puligny-Montrachet
173,947046,2017 quinta maria izabel bastardo tinto,A,0.863,5,1153179,quinta maria izabel — bastardo tinto,W|Quinta Maria Izabel|Bastardo Tinto|PT|r|V|Bairrada
174,3056091,2017 realm cellars moonracer napa valley future arrival,A,0.475,2,778639,realm — moonracer,W|Realm Cellars|Moonracer Napa Valley|US|r|V|Napa Valley
175,1545674,2017 riesling trocken grenzganger weingut stein,A,0.347,4,1482686,stein — grenzganger riesling trocken,W|Weingut Stein|Riesling Trocken Grenzganger|DE|w|V|Pfalz
176,1182503,2017 tesseron pym rae napa valley,B,0.437,6,0,,W|Tesseron|Pym Rae Napa Valley|US|r|V|Napa Valley
177,1995778,2017 thierry pillot meursault 1er cru porusot,A,0.664,5,1158042,thierry pillot — meursault premier cru charmes,W|Thierry Pillot|Meursault 1er Cru Porusot|FR|w|V|Meursault
178,3639326,2017 vega sicilia pintia toro do,A,0.618,4,64661,vega sicilia — valbuena 5o reserva,W|Vega Sicilia|Pintia Toro DO|ES|r|V|Toro
179,1757429,2017 weingut friedrich becker kammerberg gg spatburgunder pfalz,A,0.618,4,1408739,friedrich becker — kammerberg zensiert,W|Weingut Friedrich Becker|Kammerberg GG Spätburgunder|DE|r|V|Pfalz
180,2792889,2018 antica terra botanica pinot noir willamette valley,A,0.618,7,871646,botanica — pinot noir,W|Antica Terra|Botanica Pinot Noir Willamette Valley|US|r|V|Willamette Valley
181,3092752,2018 bianchi winery signature selection pinot noir paso robles usa,A,0.505,5,1146273,signature reserve — pinot noir,W|Bianchi Winery|Signature Selection Pinot Noir|US|r|V|Paso Robles
182,484799,2018 chateau leoville poyferre,A,0.805,6,37355,chateau leoville poyferre — chateau moulin riche saintjulien,W|Chateau Léoville Poyferré|??|FR|r|V|Saint-Julien
183,1335620,2018 clos de tart moreysaintdenis premier cru la forge de tart,A,0.674,4,1354258,domaine du clos de tart — moreysaintdenis,W|Clos de Tart|Morey-Saint-Denis Premier Cru La Forge de Tart|FR|r|V|Morey-Saint-Denis
184,1672952,2018 domaine chandon de briailles savignylesbeaune premier cru les lavieres,A,0.838,6,333712,chandon de briailles — les lavieres savignylesbeaune 1er cru,W|Domaine Chandon de Briailles|Savigny-les-Beaune Premier Cru Les Lavieres|FR|r|V|Savigny-lès-Beaune
185,1205673,2018 domaine de montille corton grand cru le clos du roi,A,0.862,6,261054,domaine de montille — corton grand cru clos du roi,W|Domaine de Montille|Corton Grand Cru Le Clos du Roi|FR|r|V|Corton
186,3201164,2018 domaine herve and anne sigaut nuitssaintgeorges burgundy france,A,0.508,6,1205785,domaine anne et herve sigaut — pommard,W|Domaine Hervé et Anne Sigaut|Nuits-Saint-Georges|FR|r|V|Nuits-Saint-Georges
187,3017389,2018 domaine michel niellon chassagnemontrachet premier cru clos saintjean blanc future arrival,A,0.435,5,1271545,michel menage — chassagnemontrachet premier cru,W|Domaine Michel Niellon|Chassagne-Montrachet Premier Cru Clos Saintjean Blanc|FR|w|V|Chassagne-Montrachet
188,3018675,2018 domaine sylvain pataille marsannay rose fleur de pinot 2018,A,0.608,4,175276,sylvain pataille — fleur de pinot marsannay rose,W|Domaine Sylvain Pataille|Marsannay Rosé Fleur de Pinot|FR|p|V|Marsannay
189,3640521,2018 dugatpy gevreychambertin cuvee coeur de roy tres vieilles vignes,B,0.410,4,0,,W|Dugat-Py|Gevrey-Chambertin Cuvée Coeur de Roy Très Vieilles Vignes|FR|r|V|Gevrey-Chambertin
190,2782079,2018 enzo bianchi gran corte proprietary red,A,0.710,5,1178932,bodegas bianchi — enzo bianchi gran corte,W|Enzo Bianchi|Gran Corte Proprietary Red|??|r|N
191,2934704,2018 francois carillon bourgogne chardonnay vieux clos,A,0.518,7,1175877,francois martenot — tastevinage bourgogne chardonnay,W|François Carillon|Bourgogne Chardonnay Vieux Clos|FR|w|V|Bourgogne
192,2981847,2018 henri germain bourgogne cote dor blanc,A,0.539,6,1494105,blason de bourgogne — bourgogne cote dor blanc,W|Henri Germain|Bourgogne Côte d'Or Blanc|FR|w|V|Bourgogne
193,1286936,2018 il poggione brunello di montalcino,A,0.827,6,11795,tenuta il poggione — brunello di montalcino,W|Il Poggione|Brunello di Montalcino|IT|r|V|Brunello di Montalcino
194,1062454,2018 jeanluc eric burguet gevreychambertin mes favorites vieilles vignes,A,0.789,5,81313,jeanluc eric burguet — mes favorites vieilles vignes gevreychambertin,W|Jean-Luc Eric Burguet|Gevrey-Chambertin Mes Favorites Vieilles Vignes|FR|r|V|Gevrey-Chambertin
195,379659,2018 jeanmarc brocard 1er cru montmains chablis france,A,0.772,6,1190585,jeanmarc brocard — domain saintjacques chablis 1er cru montmains,W|Jean-Marc Brocard|1er Cru Montmains Chablis|FR|w|V|Chablis
196,1042910,2018 matthias anton spatburgunder reserve,B,0.438,3,0,,W|Matthias Anton|Spätburgunder Reserve|DE|r|N
197,2528375,2018 millton libiamo field blend,A,0.780,3,752922,millton — libiamo field blend,W|Millton|Libiamo Field Blend|NZ|r|V|Gisborne
198,3623892,2018 montes purple angel colchagua valley,A,0.590,5,15052,montes — purple angel,W|Montes|Purple Angel Colchagua Valley|CL|r|V|Colchagua Valley
199,1594006,2018 opus one,A,0.767,2,290866,opus one — opus one,W|Opus One|??|US|r|V|Napa Valley
200,508279,2018 piero busso barbaresco gallina,A,0.860,6,22017,piero busso — gallina barbaresco,W|Piero Busso|Barbaresco Gallina|IT|r|V|Barbaresco
201,3085196,2018 poggio san polo brunello di montalcino riserva docg tuscany italy,A,0.614,6,1144501,san polo — podernovi brunello di montalcino,W|Poggio San Polo|Brunello di Montalcino Riserva DOCG|IT|r|V|Brunello di Montalcino
202,3087814,2018 pride mountain vineyards cabernet sauvignon california usa,A,0.618,6,1156573,red mountain — cabernet sauvignon,W|Pride Mountain Vineyards|Cabernet Sauvignon|US|r|V|Napa Valley
203,3198190,2018 special edition red blend,A,0.570,2,532384,blend — red blend,W|??|Special Edition Red Blend|??|r|N
204,2069875,2018 suenen la grande vigne pinot meunier extra brut champagne france,A,0.794,7,1258897,suenen — la grande vigne montignysurvesle pinot meunier extra brut champagne,W|Suenen|La Grande Vigne Pinot Meunier Extra Brut|FR|s|V|Champagne
205,2143920,2018 terroir sense fronteres negre montsant spain,A,0.696,4,878330,terroir sense fronteres — negre de montsant,W|Terroir Sense Fronteres|Negre Montsant|ES|r|V|Montsant
206,3058108,2018 theo minges goldmuskateller 2018,A,0.525,1,864513,theo minges — goldmuskateller,W|Theo Minges|Goldmuskateller|DE|w|V|Pfalz
207,1666376,2018 tokaji aszu 5 puttonyos sarga borhaz,A,0.460,4,1552756,tokaji herceg — tokaji aszu 6 puttonyos,W|Sárospataki Pincészet|Tokaji Aszú 5 Puttonyos|HU|d|V|Tokaji
208,946424,2018 trois branco,A,0.797,4,1192195,trois — flor de trois branco,W|Trois|Branco|??|w|N
209,2045068,2019 balletto vineyards winery block pinot noir,A,0.866,6,21713,balletto vineyards — winery block pinot noir,W|Balletto Vineyards & Winery|Block Pinot Noir|US|r|V|Sonoma Coast
210,2971174,2019 ca di press barolo comune di monforte dalba,A,0.520,4,1458194,ca di press — barolo,W|Ca' di Press|Barolo Comune di Monforte d'Alba|IT|r|V|Barolo
211,1810090,2019 chablis domaine william fevre halves,A,0.634,6,1061407,domaine william fevre — chablis,W|Domaine William Fèvre|Chablis|FR|w|V|Chablis
212,591324,2019 chateau bouscasse,A,0.813,6,383928,chateau bouscasse — menhir,W|Chateau Bouscasse|??|FR|r|V|Madiran
213,1323152,2019 chateau canon chaigneau lalande de pomerol,A,0.764,6,797289,chateau chaigneau — lalande de pomerol,W|Chateau Canon Chaigneau|Lalande de Pomerol|FR|r|V|Lalande de Pomerol
214,1336202,2019 chateau dissan hautmedoc,A,0.830,4,73150,chateau dissan — le hautmedoc dissan,W|Chateau Dissan|Haut-Médoc|FR|r|V|Haut-Médoc
215,483421,2019 chateau doisy daene 12 pack,B,0.079,6,0,,W|Chateau Doisy Daëne|??|FR|w|V|Sauternes
216,3534924,2019 chateau palmer,A,0.707,5,525670,chateau palmer — vin blanc de palmer,W|Chateau Palmer|??|FR|r|V|Margaux
217,1335951,2019 chateau rieussec premier cru classe sauternes,A,0.831,7,41562,chateau rieussec — sauternes premier grand cru classe,W|Chateau Rieussec|Premier Cru Classé Sauternes|FR|w|V|Sauternes
218,1840223,2019 cote rotie magnum la sarrasine domaine de bonserine,A,0.413,5,1349527,cave de la cote — b de la cote bio,W|Domaine de Bonserine|Côte Rôtie La Sarrasine|FR|r|V|Côte-Rôtie
219,194946,2019 cultusboni chianti cetamura,A,0.330,3,1352911,coltibuono — cultusboni chianti,W|Cultusboni|Chianti Cetamura|IT|r|V|Chianti
220,1018440,2019 cuvee marieluise blanc de noirs sekt,B,0.310,5,0,,W|??|Cuvée Marieluise Blanc de Noirs Sekt|DE|s|N
221,1844170,2019 d marioni fields red,A,0.672,5,1404737,dan marioni — fields,W|D. Marioni|Fields Red|??|r|N
222,3628825,2019 david duband echezeaux grand cru,A,0.783,3,170838,david duband — echezeaux grand cru,W|David Duband|Echezeaux Grand Cru|FR|r|V|Echezeaux
223,133840,2019 domaine bitouzetprieur meursault les corbins,A,0.767,5,31021,bitouzetprieur — meursault les corbins,W|Domaine Bitouzet-Prieur|Meursault Les Corbins|FR|w|V|Meursault
224,3537093,2019 domaine curry gentlemans cut,A,0.840,5,1478430,domaine curry — gentlemans cut cuvee,W|Domaine Curry|Gentleman's Cut|??|??|N
225,3648284,2019 domaine faiveley echezeaux grand cru en orveaux,A,0.633,3,68351,faiveley — echezeaux grand cru,W|Domaine Faiveley|Echezeaux Grand Cru En Orveaux|FR|r|V|Echezeaux
226,235116,2019 duckhorn decoy,A,0.492,3,57152,duckhorn — the discussion,W|Duckhorn|Decoy|US|r|V|Napa Valley
227,3663278,2019 e guigal saintjoseph vignes de lhospice,A,0.783,4,13378,e guigal — saintjoseph vignes de lhospice,W|E. Guigal|Saint-Joseph Vignes de l'Hospice|FR|r|V|Saint-Joseph
228,3661665,2019 gros frere et soeur chemin des moines de vergy vdf,A,0.728,3,1102567,domaine gros frere et soeur — chemin des moines de vergy,W|Gros Frère et Soeur|Chemin des Moines de Vergy VDF|FR|r|V|Bourgogne
229,3007565,2019 hacienda monasterio ribera del duero future arrival,A,0.498,4,1629326,hacienda monasterio — picon del barroso,W|Hacienda Monasterio|Ribera del Duero|ES|r|V|Ribera del Duero
230,1356772,2019 moscato dasti adriano marco e vittorio,A,0.697,6,28245,adriano marco e vittorio — moscato dasti,W|Adriano Marco e Vittorio|Moscato d'Asti|IT|w|V|Moscato d'Asti
231,743723,2019 nervi conterno gattinara,A,0.713,5,188041,nervi — gattinara,W|Nervi|Gattinara|IT|r|V|Gattinara
232,3649179,2019 pago de carraovejas ribera del duero,A,0.508,5,44146,pago de carraovejas — reserva,W|Pago de Carraovejas|Ribera del Duero|ES|r|V|Ribera del Duero
233,601905,2019 passadouro red,A,0.738,5,158143,quinta do passadouro — douro,W|Passadouro|Red|PT|r|N
234,3555486,2019 penfolds bin 138 gsm,A,0.715,5,620,penfolds — bin 128 shiraz,W|Penfolds|Bin 138 GSM|AU|r|V|Barossa Valley
235,3620473,2019 prunotto barbaresco secondine,A,0.775,5,1242872,prunotto — barbaresco secondine,W|Prunotto|Barbaresco Secondine|IT|r|V|Barbaresco
236,950375,2019 quinta das bageiras reserva branco,A,0.847,5,1266859,quinta das bageiras — branco,W|Quinta das Bágeiras|Reserva Branco|PT|w|V|Bairrada
237,821135,2019 rizzi barbaresco docg,A,0.633,4,42584,rizzi — barbaresco,W|Rizzi|Barbaresco DOCG|IT|r|V|Barbaresco
238,1017272,2019 shafer vineyards td9 red,A,0.820,5,813496,shafer — td9,W|Shafer Vineyards|TD9 Red|US|r|V|Napa Valley
239,2905633,2019 tan fruit arterberry maresh oak grove vineyard chardonnay 98 pts,A,0.604,5,1451904,arterberry maresh — tan fruit oak grove vineyard chardonnay,W|Tan Fruit|Arterberry Maresh Oak Grove Vineyard Chardonnay|US|w|V|Willamette Valley
240,615288,2019 torbreck runrig shiraz 98 points,A,0.638,5,6519,torbreck — runrig,W|Torbreck|RunRig Shiraz|AU|r|V|Barossa Valley
241,2047337,2019 trione flatridge ranch zinfandel ws93js91,A,0.777,4,620080,trione — flatridge ranch zinfandel,W|Trione|Flatridge Ranch Zinfandel|US|r|V|Sonoma County
242,1569547,2019 valentin bianchi new age hvid,A,0.473,3,42715,valentin bianchi — elsa barbera,W|Valentin Bianchi|New Age Hvid|AR|w|V|Mendoza
243,1853603,2020 angelo gaja idda etna rosso dopsicilien,A,0.464,4,1419455,angelo — primitivo,W|Angelo Gaja|Idda Etna Rosso DOP Sicilien|IT|r|V|Etna Rosso
244,866603,2020 beyra grande reserva tinto,A,0.840,5,834216,beyra — grande reserva,W|Beyra|Grande Reserva Tinto|PT|r|V|Beira Interior
245,416326,2020 blanc de noir,B,0,3,0,,W|??|Blanc de Noir|??|s|N
246,1018678,2020 bruno giacosa barolo,A,0.775,5,1260555,bruno giacosa — barolo,W|Bruno Giacosa|Barolo|IT|r|V|Barolo
247,1519354,2020 cantalupo agamium,A,0.797,5,298134,cantalupo — agamium colline novaresi,W|Cantalupo|Agamium|IT|r|V|Nebbiolo d'Alba
248,1026558,2020 castel giocondo brunello di montalcino,B,0.379,3,0,,W|Castel Giocondo|Brunello di Montalcino|IT|r|V|Brunello di Montalcino
249,3629904,2020 castello di ama chianti classico gran selezione san lorenzo,A,0.436,5,1211798,castello di strozzavolpe — gran selezione chianti classico,W|Castello di Ama|Chianti Classico Gran Selezione San Lorenzo|IT|r|V|Chianti Classico
250,1360123,2020 chateau coutet premier cru classe barsac,A,0.761,6,503278,chateau coutet — sauternes barsac premier grand cru classe,W|Chateau Coutet|Premier Cru Classé Barsac|FR|w|V|Barsac
251,989499,2020 chateau hautmaco cotes de bourg future arrival,B,0.170,3,0,,W|Chateau Haut-Macau|Côtes de Bourg|FR|r|V|Côtes de Bourg
252,449828,2020 chateau maris le zulu,A,0.860,5,826785,chateau maris — le zulu,W|Chateau Maris|Le Zulu|FR|r|V|Minervois
253,502050,2020 chateau rauzan gassies 12 pack,A,0.513,6,87131,chateau gassies — premieres cotes de bordeaux,W|Chateau Rauzan-Gassies|??|FR|r|V|Margaux
254,409408,2020 clos de leglise maconcharnay france,B,0.327,3,0,,W|Clos de l'Eglise|Macon-Charnay|FR|w|V|Mâcon-Charnay
255,1674375,2020 comando g g las iruelas tinto,A,0.800,5,1577432,comando g — las iruelas el tiemblo,W|Comando G|Las Iruelas Tinto|ES|r|V|Sierra de Gredos
256,3192858,2020 david duband grand cru clos de vougeot burgundy france,A,0.710,6,296029,david duband — clos de vougeot grand cru,W|David Duband|Grand Cru Clos de Vougeot|FR|r|V|Clos de Vougeot
257,1761447,2020 domaine de lecu ensemble,A,0.747,5,1300519,domaine de lecu — ensemble melon de bourgogne,W|Domaine de L'Ecu|Ensemble|FR|w|V|Muscadet Sèvre et Maine
258,2069462,2020 domaine de saint pierre arbois savagnin autrement jura france,A,0.610,5,649594,domaine de saint pierre — autrement savagnin,W|Domaine de Saint Pierre|Arbois Savagnin Autrement|FR|w|V|Arbois
259,2973750,2020 domaine des croix beaune premier cru les greves rouge,A,0.479,6,1126052,les caves des hautescotes — beaune 1er cru montee rouge,W|Domaine des Croix|Beaune Premier Cru Les Greves Rouge|FR|r|V|Beaune
260,1520313,2020 domaine paul pillot saintaubin premier cru le charmois blanc,A,0.502,6,970132,chateau de saintaubin — chassagnemontrachet premier cru les chenevottes blanc,W|Domaine Paul Pillot|Saint-Aubin Premier Cru Le Charmois Blanc|FR|w|V|Saint-Aubin
261,3639070,2020 domaine rapet pere et fils pernandvergelesses les belles filles,A,0.660,5,261117,domaine rapet — les belles filles pernandvergelesses,W|Domaine Rapet Père et Fils|Pernand-Vergelesses Les Belles Filles|FR|r|V|Pernand-Vergelesses
262,780524,2020 domaine william fevre chablis half bottle,A,0.658,6,1447041,william fevre — i love chablis,W|Domaine William Fèvre|Chablis Half Bottle|FR|w|V|Chablis
263,451892,2020 georges descombes regnie,A,0.713,5,60960,g descombes — regnie,W|Georges Descombes|Régnié|FR|r|V|Régnié
264,2700245,2020 ghislaine barthod chambollemusigny 1er cru aux combottes,A,0.697,4,1360081,ghislaine barthod — chambollemusigny 1er cru les sentiers,W|Ghislaine Barthod|Chambolle-Musigny 1er Cru Aux Combottes|FR|r|V|Chambolle-Musigny
265,2279999,2020 jenna chardonnay,A,0.733,4,870929,jenna sparr — chardonnay,W|Jenna|Chardonnay|??|w|N
266,3664396,2020 jolielaide syrah north coast,A,0.565,5,976901,jolielaide — syrah,W|Jolielaide|Syrah North Coast|US|r|N
267,1483471,2020 julien prelat les reines brut nature vintage champagne,A,0.740,6,1409642,julien prelat — les reines blanc de blancs champagne,W|Julien Prélat|Les Reines Brut Nature Vintage Champagne|FR|s|V|Champagne
268,1229204,2020 la roche bleue jasnieres sec chenin blanc,A,0.744,5,149663,domaine de la roche bleue — jasnieres sec,W|La Roche Bleue|Jasnieres Sec Chenin Blanc|FR|w|V|Jasnieres
269,591664,2020 lioco sonoma county chardonnay,A,0.532,6,1650179,maison sonoma — chardonnay,W|Lioco|Sonoma County Chardonnay|US|w|V|Sonoma County
270,765799,2020 markus molitor zeltinger schlossberg riesling spatlese goldkapsel mosel,A,0.491,6,490717,zeltinger himmelreich — mosel auslese spatlese riesling,W|Markus Molitor|Zeltinger Schlossberg Riesling Spätlese Goldkapsel|DE|w|V|Mosel
271,2697034,2020 mendel malbec lunta,A,0.775,4,55119,mendel — malbec lunta,W|Mendel|Malbec Lunta|AR|r|V|Mendoza
272,2519915,2020 millton crazy by nature cosmo red,A,0.866,4,42503,millton — crazy by nature cosmo red,W|Millton|Crazy By Nature Cosmo Red|NZ|r|V|Gisborne
273,1346769,2020 monteversa versacinto,A,0.733,3,165513,monteversa — versacinto rosso,W|Monteversa|Versacinto|IT|r|N
274,913231,2020 nittardi nectar dei maremma toscana doc,A,0.713,4,182704,nittardi — nectar dei maremma toscana,W|Nittardi|Nectar dei Maremma Toscana DOC|IT|r|V|Maremma Toscana
275,505273,2020 olivier merlin saint veran en creche,A,0.533,5,1536047,olivier terrier — saint veran,W|Olivier Merlin|Saint-Véran En Crèche|FR|w|V|Saint-Véran
276,1465085,2020 pamina le mailloche octavin,C2,0.070,2,0,,W|Octavin|Pamina Le Mailloche|FR|w|V|Vin de France
277,3062261,2020 podere il castellaccio valente toscana 2020,A,0.429,3,316286,podere il castellaccio — valente,W|Podere Il Castellaccio|Valente Toscana|IT|r|V|Toscana
278,2679158,2020 st innocent freedom hill vineyard pinot noir,A,0.868,7,87126,st innocent — freedom hill vineyard pinot noir,W|St. Innocent|Freedom Hill Vineyard Pinot Noir|US|r|V|Willamette Valley
279,781630,2020 tonic chardonnay,A,0.847,5,622687,tonic — chardonnay,W|Tonic|Chardonnay|??|w|N
280,2134774,2020 weingut rottgerding winninger riesling mosel germany,A,0.495,6,1444147,rottgerding — winninger,W|Weingut Rottgerding|Winningen Riesling|DE|w|V|Mosel
281,992042,2020 wolfson cellars zinfandel,A,0.633,4,1183098,wolfson — zinfandel,W|Wolfson Cellars|Zinfandel|US|r|N
282,382376,2021 3,D,0,0,0,,X|??|3|??|??|N
283,3062972,2021 albino rocca barbaresco montersino future arrival,A,0.641,4,631253,albino rocca — barbaresco montersino,W|Albino Rocca|Barbaresco Montersino|IT|r|V|Barbaresco
284,3555297,2021 antoine lienhardt cote de nuits villages les essards,A,0.754,4,373693,antoine lienhardt — cote de nuitsvillages les essards,W|Antoine Lienhardt|Côte de Nuits Villages Les Essards|FR|r|V|Côte de Nuits-Villages
285,3647712,2021 bernard baudry chinon guillot,B,0.408,4,0,,W|Bernard Baudry|Chinon Guillot|FR|r|V|Chinon
286,1741486,2021 brezza barolo sarmassa,A,0.775,5,23353,brezza — sarmassa barolo,W|Brezza|Barolo Sarmassa|IT|r|V|Barolo
287,1836530,2021 brunello di montalcino poggio di sotto case of 3 ib,A,0.334,2,1299159,poggio vicino — brunello di montalcino,W|Poggio di Sotto|Brunello di Montalcino|IT|r|V|Brunello di Montalcino
288,990381,2021 chariot red wine,A,0.797,4,46082,chariot — gypsy red,W|??|Chariot Red Wine|??|r|N
289,1856821,2021 charles van canneyt corton grand cru,A,0.700,6,1123373,charles van canneyt — gevreychambertin 1er cru les cherbaudes,W|Charles van Canneyt|Corton Grand Cru|FR|r|V|Corton
290,3623778,2021 chateau boutisse saintemilion grand cru,A,0.433,5,91252,chateau clos saintemilion magnan — saintemilion grand cru,W|Chateau Boutisse|Saint-Émilion Grand Cru|FR|r|V|Saint-Émilion Grand Cru
291,3633158,2021 chateau cap de faugeres castilloncotes de bordeaux,A,0.655,5,17900,chateau cap de faugeres — castillon cotes de bordeaux,W|Chateau Cap de Faugeres|Castillon Côtes de Bordeaux|FR|r|V|Castillon Côtes de Bordeaux
292,3626239,2021 chateau certan de may pomerol,A,0.767,5,1349093,chateau certan de may — croix de certan pomerol,W|Chateau Certan de May|Pomerol|FR|r|V|Pomerol
293,3623410,2021 chateau puygueraud blanc francscotes de bordeaux,A,0.607,4,190304,chateau puygueraud — le rose de chateau puygueraud bordeaux,W|Chateau Puygueraud|Blanc Franc Côtes de Bordeaux|FR|w|V|Côtes de Bordeaux
294,782102,2021 clarence house estate tasmania pinot noir,A,0.781,5,139471,clarence house estate — pinot noir,W|Clarence House Estate|Tasmania Pinot Noir|AU|r|V|Tasmania
295,4096231,2021 clos ibai garnacha tinto,B,0.245,4,0,,W|Clos Ibai|Garnacha Tinto|ES|r|N
296,3980332,2021 crozeshermitage chateau saint cosme,A,0.448,3,1447919,cave saint desirat — crozeshermitage,W|Chateau Saint Cosme|Crozes-Hermitage|FR|r|V|Crozes-Hermitage
297,862351,2021 didier grappe traminer ouille,A,0.860,6,1214612,didier grappe — traminer ouille,W|Didier Grappe|Traminer Ouillé|FR|w|V|Jura
298,1544213,2021 domaine arlaud clos saintdenis grand cru,A,0.866,6,99086,domaine arlaud — clos saintdenis grand cru,W|Domaine Arlaud|Clos Saint-Denis Grand Cru|FR|r|V|Clos de Tart
299,2099062,2021 domaine chapelle des bois fleurie vv de la cadole,A,0.580,5,1736417,la chapelle des bois — beaujolaisvillages,W|Domaine Chapelle des Bois|Fleurie VV de la Cadole|FR|r|V|Fleurie
300,447385,2021 domaine faiveley gevreychambertin premier cru les cazetiers,A,0.826,3,13834,faiveley — gevreychambertin 1er cru les cazetiers,W|Domaine Faiveley|Gevrey-Chambertin Premier Cru Les Cazetiers|FR|r|V|Gevrey-Chambertin
301,3555181,2021 domaine follin arbelet aloxe corton 1er cru les vercots,A,0.376,5,528421,moreyblanc — aloxe corton 1er cru les vercots,W|Domaine Follin-Arbelet|Aloxé-Corton 1er Cru Les Vercots|FR|r|V|Aloxé-Corton
302,1678198,2021 domaine francois raveneau chablis grand cru valmur,A,0.755,6,77521,raveneau — chablis grand cru valmur,W|Domaine François Raveneau|Chablis Grand Cru Valmur|FR|w|V|Chablis Grand Cru
303,2685480,2021 domaine la pierre ronde meursault premier cru les charmesdessus,A,0.505,5,1232066,pierre girardin — meursault les vireuils,W|Domaine la Pierre Ronde|Meursault 1er Cru Les Charmes-Dessus|FR|w|V|Meursault
304,3654353,2021 domaine lafouge jean gilles pommard premier cru les chanlins,A,0.769,5,87826,domaine jean gilles lafouge — pommard 1er cru les chanlins,W|Domaine Lafouge Jean Gilles|Pommard 1er Cru Les Chanlins|FR|r|V|Pommard
305,3537768,2021 domaine laurent roumier bourgogne hautes cotes de nuits la poirelotte,A,0.862,5,31959,laurent roumier — bourgogne hautes cotes de nuits la poirelotte,W|Domaine Laurent Roumier|Bourgogne Hautes Côtes de Nuits La Poirelotte|FR|r|V|Bourgogne Hautes Côtes de Nuits
306,1335676,2021 domaine paul pillot chassagnemontrachet premier cru la romanee,A,0.469,6,1114180,paul carillon — chassagnemontrachet,W|Domaine Paul Pillot|Chassagne-Montrachet 1er Cru La Romanee|FR|w|V|Chassagne-Montrachet
307,3049037,2021 domaine roger belland santenay comme dessus future arrival,B,0.401,5,0,,W|Domaine Roger Belland|Santenay Comme Dessus|FR|r|V|Santenay
308,913371,2021 domaine vincent paris saintjoseph les cotes,A,0.771,5,69344,vincent paris — les cotes saintjoseph,W|Domaine Vincent Paris|Saint-Joseph Les Côtes|FR|r|V|Saint-Joseph
309,235417,2021 envinate palo blanco,A,0.855,4,857178,envinate — palo blanco,W|Envínate|Palo Blanco|ES|w|V|Valle de La Orotava
310,888924,2021 fattoria le pupille morellino di scansano docg italian red wine,A,0.704,7,19544,fattoria le pupille — morellino di scansano riserva,W|Fattoria Le Pupille|Morellino di Scansano DOCG|IT|r|V|Morellino di Scansano
311,1873784,2021 francois carillon pulignymontrachet premier cru champ gain,B,0.425,4,0,,W|François Carillon|Puligny-Montrachet 1er Cru Champ Gain|FR|w|V|Puligny-Montrachet
312,2977022,2021 francois cotat sancerre grande cote,A,0.453,5,1168443,francois crochet — le vallon sancerre,W|François Cotat|Sancerre Grande Côte|FR|w|V|Sancerre
313,2697555,2021 fratelli alessandria barolo monvigliero di verduno,A,0.767,6,15397,fratelli alessandria — barolo monvigliero,W|Fratelli Alessandria|Barolo Monvigliero di Verduno|IT|r|V|Barolo
314,3203581,2021 fritz haag brauneberger juffer sonnenuhr riesling spatlese mosel germany,A,0.709,4,1175954,fritz haag — brauneberger juffer sonnenuhr riesling kabinett,W|Fritz Haag|Brauneberger Juffer Sonnenuhr Riesling Spätlese|DE|w|V|Mosel
315,2781631,2021 hill family estate napa valley cabernet sauvignon,A,0.596,5,1116948,mission hill family estate — terroir collection border vista cabernet sauvignon,W|Hill Family Estate|Napa Valley Cabernet Sauvignon|US|r|V|Napa Valley
316,1335589,2021 j m boillot pulignymontrachet premier cru champ canet,A,0.629,6,16269,jm boillot — pulignymontrachet premier cru champcanet,W|J.M. Boillot|Puligny-Montrachet 1er Cru Champ Canet|FR|w|V|Puligny-Montrachet
317,1544227,2021 jeanmarc millot cote de nuitsvillages aux fauques,A,0.782,5,60634,jeanmarc millot — cote de nuitsvillages aux faulques,W|Jean-Marc Millot|Côte de Nuits-Villages Aux Fauques|FR|r|V|Côte de Nuits-Villages
318,1026397,2021 joseph drouhin gevreychambertin,A,0.583,2,1393287,joseph drouhin — pommard chanlinsbas,W|Joseph Drouhin|Gevrey-Chambertin|FR|r|V|Gevrey-Chambertin
319,2279748,2021 julien guillot vignes du maynes maconvillages,B,0.448,5,0,,W|Julien Guillot|Mâcon-Villages Vignes du Maynes|FR|w|V|Mâcon-Villages
320,1632700,2021 le c de calon segur saintestephe,A,0.460,2,1724272,roc de calon — le figuier montagne saintemilion,W|Le C de Calon Ségur|Saint-Estèphe|FR|r|V|Saint-Estèphe
321,1020222,2021 le dix de los vascos cabernet sauvignon,A,0.498,3,12562,los vascos — le dix de los vascos,W|Le Dix de Los Vascos|Cabernet Sauvignon|CL|r|V|Colchagua Valley
322,1340624,2021 lenton brae cabernet sauvignon,A,0.860,6,125425,lenton brae — cabernet sauvignon,W|Lenton Brae|Cabernet Sauvignon|AU|r|V|Margaret River
323,1524348,2021 maison fang saintaubin premier cru,A,0.588,6,1073509,chateau de saintaubin — chassagnemontrachet premier cru les chenevottes rouge,W|Maison Fang|Saintaubin 1er Cru|FR|w|V|Saint-Aubin
324,121886,2021 maison montille pouillyfuisse,C2,0.192,1,0,,W|Maison Montille|Pouilly-Fuissé|FR|w|V|Pouilly-Fuissé
325,960544,2021 malhadinha biologico rose,A,0.497,5,734839,malhadinha nova — malhadinha rose,W|Malhadinha Biologico Rose|Rose|PT|p|V|Alentejo
326,3069331,2021 massolino barolo margheria future arrival,A,0.610,4,18492,massolino — margheria barolo,W|Massolino|Barolo Margheria|IT|r|V|Barolo
327,446883,2021 niepoort amigos cool baga one litre,A,0.525,4,1178167,niepoort — smileline nat cool,W|Niepoort|Amigos Cool Baga One Litre|PT|r|V|Bairrada
328,958644,2021 niepoort redoma rose,A,0.855,5,60033,niepoort — redoma rose,W|Niepoort|Redoma Rosé|PT|p|V|Douro
329,106519,2021 nino negri mazer valtellina superiore docg,A,0.701,4,94077,nino negri — mazer valtellina superiore,W|Nino Negri|Valtellina Superiore DOCG|IT|r|V|Valtellina Superiore
330,633384,2021 oriol artigas el rumbero tinto,A,0.847,4,817998,oriol artigas — el rumbero,W|Oriol Artigas|El Rumbero Tinto|ES|r|V|Catalunya
331,2378922,2021 pierre morey monthelie rouge 1er cru,A,0.498,6,1697467,monthelie benjamin — monthelie 1er cru,W|Pierre Morey|Monthelie Rouge 1er Cru|FR|r|V|Monthelie
332,888772,2021 planeta la segreta il rosso sicilia doc italian red wine,A,0.736,6,118033,planeta — la segreta il rosso,W|Planeta|La Segreta Il Rosso Sicilia DOC|IT|r|V|Sicilia
333,2296116,2021 sean w mcbride rowan vineyard syrah d94we91,A,0.781,7,1733095,sean w mcbride — rowan vineyard syrah,W|Sean W McBride|Rowan Vineyard Syrah|US|r|V|Paso Robles
334,564440,2021 tresor blanc brut bouvetladubay,A,0.612,5,1209354,tresor dautrefois — blanc,W|Tresor Blanc Brut|Bouvet-Ladubay|FR|s|V|Saumur
335,3645644,2021 verget macon charnaylesmacon le clos saintpierre,B,0.385,3,0,,W|Verget|Mâcon-Charnay Les Mâcon Le Clos Saint-Pierre|FR|w|V|Mâcon-Charnay
336,3069205,2021 vietti barolo lazzarito future arrival,A,0.610,4,17259,vietti — barolo lazzarito,W|Vietti|Barolo Lazzarito|IT|r|V|Barolo
337,348872,2021 vinuva nero davola,A,0.750,3,77341,vinuva — organic nero davola,W|Vinuva|Nero d'Avola|IT|r|V|Sicilia
338,2171568,2021 weingut velich tiglat chardonnay burgenland austria,A,0.475,6,37340,velich — tiglat,W|Weingut Velich|Tiglat Chardonnay|AT|w|V|Burgenland
339,2523821,2022 15 minute bottles test pots riesling,A,0.673,4,1536643,15 minute bottles — test pots pinot noir,X|15 Minute Bottles Test Pots Riesling|N|N|N|N|N
340,3699123,2022 alchemy 6 bottle case,B,0.442,3,0,,X|Alchemy 6 Bottle Case|N|N|N|N|N
341,332102,2022 aurelio settimo langhe nebbiolo,A,0.860,6,62502,aurelio settimo — nebbiolo langhe,W|Aurelio Settimo|Langhe Nebbiolo|IT|r|V|Langhe
342,1206115,2022 avast chardonnay,A,0.780,6,1195942,hold fast avast — margarita vineyard chardonnay,X|Avast Chardonnay|N|N|N|N|N
343,369833,2022 bodega sottano malbec seleccion,A,0.873,6,229739,sottano — reserva de familia 3s malbec,W|Bodega Sottano|Malbec Selección|AR|r|V|Mendoza
344,615028,2022 burn cottage pinot noir,A,0.840,5,100108,burn cottage — cashburn pinot noir,W|Burn Cottage|Pinot Noir|NZ|r|V|Central Otago
345,3875552,2022 case corini,C2,0.457,1,0,,X|Case Corini|N|N|N|N|N
346,1167360,2022 chateau lafite rothschild premier cru classe pauillac,A,0.835,7,1982,chateau lafite rothschild — pauillac premier grand cru classe,W|Château Lafite Rothschild|Premier Cru Classé Pauillac|FR|r|V|Pauillac
347,3010867,2022 chateau lespaultmartillac blanc pessacleognan future arrival,B,0,3,0,,W|Château Lespault-Martillac Blanc|Pessac-Léognan|FR|w|V|Pessac-Léognan
348,1021115,2022 chateau rauzangassies,A,0.733,5,31366,chateau rauzangassies — margaux,W|Château Rauzan-Gassies|Margaux|FR|r|V|Margaux
349,484195,2022 chateau siran 12 pack,A,0.612,6,28845,chateau siran — margaux,W|Château Siran|Haut-Médoc|FR|r|V|Haut-Médoc
350,2619161,2022 chateau valandraud premier grand cru classe b saintemilion grand cru,A,0.868,7,73215,chateau valandraud — saintemilion grand cru premier grand cru classe,W|Château Valandraud|Premier Grand Cru Classé B Saint-Émilion Grand Cru|FR|r|V|Saint-Émilion Grand Cru
351,1630156,2022 cossetti barbera dasti la vigna vecchia,A,0.786,3,62911,cossetti — la vigna vecchia barbera dasti,W|Cossetti|Barbera d'Asti La Vigna Vecchia|IT|r|V|Barbera d'Asti
352,268973,2022 coteaux champenois blanc pierre brocard,B,0.354,4,0,,W|Coteaux Champenois Blanc|Pierre Brocard|FR|s|V|Coteaux Champenois
353,887331,2022 crossing original red,A,0.595,4,1481648,crossing vineyards — le nouveau red,X|Crossing Original Red|N|N|N|N|N
354,1026960,2022 deidesheim kalkofen riesling gg,A,0.465,5,1210270,pfarrgut deidesheim — riesling,W|Deidesheim|Kalkofen Riesling GG|DE|w|V|Pfalz
355,1741109,2022 domaine dupuy de lome bandol rouge,A,0.866,6,107933,domaine dupuy de lome — bandol rouge,W|Domaine Dupuy de Lome|Bandol Rouge|FR|r|V|Bandol
356,931817,2022 domaine gerard duplessis fourchaume chablis premier cru,A,0.593,4,84162,gerard tremblay — chablis premier cru fourchaume,W|Domaine Gérard Duplessis|Chablis Premier Cru Fourchaume|FR|w|V|Chablis Premier Cru
357,3931360,2022 domaine heitzlochardet armand heitz julienas cru beaujolais,A,0.690,4,1136791,domaine armand heitz — julienas,W|Domaine Heitz-Lochardet|Julienas Cru Beaujolais|FR|r|V|Julienas
358,1675371,2022 domaine heresztynmazzini gevreychambertin premier cru les goulots,A,0.868,6,30635,domaine heresztynmazzini — gevreychambertin premier cru les goulots,W|Domaine Heresztyn-Mazzini|Gevrey-Chambertin 1er Cru Les Goulots|FR|r|V|Gevrey-Chambertin
359,310440,2022 domaine heresztynmazzini moreysaintdenis premier cru les millandes future arrival,A,0.653,5,241451,domaine heresztynmazzini — moreysaintdenis premier cru les millandes,W|Domaine Heresztyn-Mazzini|Morey-Saint-Denis 1er Cru Les Millandes|FR|r|V|Morey-Saint-Denis
360,1761480,2022 domaine philippe et vincent jaboulet viognier,B,0.517,6,0,,W|Domaine Philippe et Vincent Jaboulet|Viognier|FR|w|V|Northern Rhône
361,311383,2022 domaine taupenotmerme gevreychambertin future arrival,B,0.169,3,0,,W|Domaine Taupenot-Merme|Gevrey-Chambertin|FR|r|V|Gevrey-Chambertin
362,2700898,2022 domaine vacheron sancerre chambrates,A,0.840,4,426900,domaine vacheron — sancerre chambrates,W|Domaine Vacheron|Sancerre Chambrates|FR|w|V|Sancerre
363,589360,2022 donnhoff niederhauser hermannshohle riesling spatlese,A,0.783,3,51952,donnhoff — niederhauser hermannshohle riesling spatlese,W|Donnhoff|Niederhäuser Hermannshöhle Riesling Spätlese|DE|w|V|Nahe
364,3554833,2022 duclot collection,A,0.588,4,1510437,collection — khvanchkara,X|Duclot Collection|N|N|N|N|N
365,991415,2022 famiglia peraccini bianco appasimento,C2,0.367,2,0,,W|Famiglia Peraccini|Bianco Appassimento|IT|w|V|Veneto
366,466462,2022 frankly this wine was made by bob sambo wine,A,0.788,4,1727835,frankly bob made this — sambo wine,X|Frankly This Wine Was Made By Bob Sambo Wine|N|N|N|N|N
367,3058781,2022 gaston pierre ravaut aloxecorton premier cru future arrival,A,0.636,4,18052,domaine gaston pierre ravaut — aloxecorton premier cru,W|Gaston Pierre Ravaut|Aloxé-Corton Premier Cru|FR|r|V|Aloxé-Corton
368,451675,2022 hay shed hill vineyard series cabernet sauvignon,A,0.784,7,187730,hay shed hill — cabernet sauvignon,W|Hay Shed Hill Vineyard Series|Cabernet Sauvignon|AU|r|V|Margaret River
369,878641,2022 hochkirch riesling towards laidlaws,A,0.860,5,1613337,hochkirch — towards laidlaws riesling,W|Hochkirch|Riesling Towards Laidlaws|AU|w|V|Eden Valley
370,3021666,2022 le marquis de calon segur saintestephe future arrival,B,0.381,3,0,,W|Le Marquis de Calon Ségur|Saint-Estèphe|FR|r|V|Saint-Estèphe
371,1044211,2022 maison champy pommard,A,0.483,5,585607,chateau de pommard — pommard,W|Maison Champy|Pommard|FR|r|V|Pommard
372,914021,2022 maison glandien les roches rouge vdf,A,0.764,5,1617967,maison glandien — les roches rouge,W|Maison Glandien|Les Roches Rouge VDF|FR|r|V|Vin de France
373,1012256,2022 oberkircher gewurztraminer auslese,B,0.250,4,0,,W|Oberkircher|Gewürztraminer Auslese|DE|w|V|Alsace
374,822163,2022 pernot belicard bienvenues batard montrachet grand cru,A,0.566,3,1336898,alvina pernot — bienvenues batard montrachet grand cru,W|Pernot Belicard|Bienvenues-Bâtard-Montrachet Grand Cru|FR|w|V|Bienvenues-Bâtard-Montrachet
375,1107846,2022 piattelli vineyards reserve cabernet sauvignon mendoza argentina,A,0.690,6,556153,piattelli — cabernet sauvignon reserve,W|Piattelli Vineyards|Reserve Cabernet Sauvignon Mendoza|AR|r|V|Mendoza
376,944704,2022 pinot sekt brut,A,0.548,4,1168778,vitis straznice — pinot noir sekt brut nature,W|Pinot Sekt Brut|Sekt|DE|s|V|Pfalz
377,3885827,2022 raphael bartucci,D,0,0,0,,X|Raphael Bartucci|N|N|N|N|N
378,1756199,2022 roterfaden pinot noir trocken,A,0.648,5,731100,weingut roterfaden — pinot noir,W|Roterfaden|Pinot Noir Trocken|DE|r|V|Baden
379,137389,2022 sea smoke estate vineyard chardonnay sta rita hills california,A,0.530,5,547045,sea smoke — chardonnay,W|Sea Smoke Estate Vineyard|Chardonnay Sta. Rita Hills|US|w|V|Sta. Rita Hills
380,454722,2022 shadow point chardonnay,A,0.855,6,1401863,shadow point — chardonnay,W|Shadow Point|Chardonnay|US|w|V|California
381,928768,2022 spatburgunder weiherbst vdpgutswein 0,C2,0.092,2,0,,W|Spatburgunder Weiherherbst VDP Gutswein 0|Pinot Noir|DE|r|V|Pfalz
382,2070206,2022 stephane bernaudeau les coqueries loire vin de france,A,0.594,4,1353417,stephane bernaudeau — les coqueries,W|Stéphane Bernaudeau|Les Coqueries Loire Vin de France|FR|w|V|Loire Valley
383,2146639,2022 tellus vinea vignobles pueyo bordeaux france,A,0.588,5,114958,vignobles pueyo — tellus vinea bordeaux,W|Tellus Vinea Vignobles Pueyo|Bordeaux|FR|r|V|Bordeaux
384,1746575,2022 terra sara verdejo,A,0.448,3,1145150,can terra ibiza — besos verdejo,W|Terra Sara|Verdejo|ES|w|V|Rueda
385,1580564,2022 terrazze delletna carusu etna rosso,A,0.573,5,219873,terrazze dell etna — carusu rosso,W|Terrazze dell'Etna|Carusu Etna Rosso|IT|r|V|Etna
386,2984551,2022 the vice brooklynites 30 orange of gewurztraminer los carneros ca,A,0.720,3,1427774,the vice — brooklynites 20 orange of gewurztraminer,W|The Vice|Brooklynites 30 Orange of Gewürztraminer|US|w|V|Los Carneros
387,3039171,2022 thibault ligerbelair charmeschambertin grand cru aux charmes future arrival,A,0.670,2,758564,thibault ligerbelair — charmeschambertin grand cru aux charmes,W|Thibault Liger-Belair|Charmes-Chambertin Grand Cru Aux Charmes|FR|r|V|Charmes-Chambertin
388,190300,2022 tiberi cri cro frizzante rosso,A,0.313,5,467720,tiberi mireno — rosso,W|Tiberi|Cri Cro Frizzante Rosso|IT|r|V|Abruzzo
389,2870631,2022 tiberio montepulciano dabruzzo,A,0.458,5,1139995,santangelo dabruzzo — cerasuolo montepulciano dabruzzo,W|Tiberio|Montepulciano d'Abruzzo|IT|r|V|Abruzzo
390,625892,2022 valentin morel cotes du jura en bois darnaux poulsard,B,0.403,3,0,,W|Valentin Morel|Cotes du Jura En Bois Darnaux Poulsard|FR|r|V|Cotes du Jura
391,1741149,2022 vina progreso tannat uruguay overground,A,0.705,4,1613375,vina progreso — overground viognier,W|Vina Progreso|Tannat Uruguay Overground|UY|r|V|Canelones
392,2452831,2022 vinho do porto vintage quinta do noval,A,0.392,3,1147163,quinta do vallado — vintage porto,W|Vinho do Porto Vintage|Quinta do Noval|PT|f|V|Port
393,2172502,2022 weingut wasenhaus hohlen chardonnay baden germany,A,0.495,6,1489795,wasenhaus — chardonnay,W|Weingut Wasenhaus|Hohlen Chardonnay|DE|w|V|Baden
394,443490,2022 yalumba the steeple shiraz,A,0.860,5,510030,yalumba — the steeple shiraz,W|Yalumba|The Steeple Shiraz|AU|r|V|Barossa Valley
395,2585852,2023 alice olivier de moor bourgogne aligote burgundy france,A,0.463,6,1214157,olivier defrance — bourgogne aligote,W|Alice Olivier de Moor|Bourgogne Aligoté|FR|w|V|Bourgogne Aligoté
396,806061,2023 alternate series malbec,B,0.448,4,0,,X|Alternate Series Malbec|N|N|N|N|N
397,2067586,2023 bernhard huber malterdinger chardonnay alte reben baden germany,A,0.679,3,1191027,bernhard huber — malterdinger alte reben chardonnay,W|Bernhard Huber|Malterdinger Chardonnay Alte Reben|DE|w|V|Baden
398,279115,2023 bio sauvignon blanc geboch sudtirol italien,B,0.245,3,0,,W|Bio Sauvignon Blanc|Geboch Südtirol|IT|w|V|Alto Adige
399,3657075,2023 casabianca chianti colli senesi,A,0.635,5,59641,fattoria casabianca — chianti colli senesi,W|Casabianca|Chianti Colli Senesi|IT|r|V|Chianti Colli Senesi
400,1671677,2023 cederberg five generations chenin blanc western cape,A,0.726,6,53310,cederberg — five generations chenin blanc,W|Cederberg|Five Generations Chenin Blanc|ZA|w|V|Western Cape
401,3017144,2023 chateau beausejour becot premier grand cru classe b saintemilion grand cru future arrival,A,0.636,5,25715,chateau beausejour becot — saintemilion grand cru premier grand cru classe,W|Château Beauséjour Bécot|Premier Grand Cru Classé B Saint-Émilion Grand Cru|FR|r|V|Saint-Émilion Grand Cru
402,2812157,2023 chateau les carmes hautbrion,A,0.820,6,132663,chateau les carmes hautbrion — pessacleognan,W|Château Les Carmes Haut-Brion|Pessac-Léognan|FR|r|V|Pessac-Léognan
403,1663126,2023 chateau margaux,A,0.733,5,230155,chateau margaux — margaux du chateau margaux,W|Château Margaux|Margaux|FR|r|V|Margaux
404,3027338,2023 chateau troplong mondot premier grand cru classe b saintemilion grand cru future arrival,A,0.656,5,52487,chateau troplong mondot — saintemilion grand cru premier grand cru classe,W|Château Troplong Mondot|Premier Grand Cru Classé B Saint-Émilion Grand Cru|FR|r|V|Saint-Émilion Grand Cru
405,932065,2023 clonakilla viognier,A,0.847,5,18223,clonakilla — viognier,W|Clonakilla|Viognier|AU|w|V|Canberra District
406,1764162,2023 colome autentico malbec salta argentina,A,0.670,6,212388,colome — autentico malbec,W|Colomé|Auténtico Malbec Salta|AR|r|V|Salta
407,1740986,2023 cos terre siciliane zibibbo in pithos,A,0.617,2,729628,cos — zibibbo in pithos,W|COS|Terre Siciliane Zibibbo in Pithos|IT|w|V|Sicilia
408,2143449,2023 dalton estate cabernet sauvignon kosher,A,0.679,4,1251090,dalton — estate m cabernet sauvignon,W|Dalton Estate|Cabernet Sauvignon Kosher|IL|r|V|Galilee
409,1496620,2023 divergent vaux beaujolais l ether creatif,B,0.245,5,0,,W|Divergent|Vaux Beaujolais L'Éther Créatif|FR|r|V|Beaujolais
410,2968177,2023 domaine berthautgerbet gevreychambertin,A,0.805,4,1373621,domaine berthautgerbet — combe du dessus gevreychambertin,W|Domaine Berthaut-Gerbet|Gevrey-Chambertin|FR|r|V|Gevrey-Chambertin
411,878788,2023 domaine collotte bourgogne blanc,A,0.500,6,1621929,domaine de luniversite de bourgogne — bourgogne blanc,W|Domaine Collotte|Bourgogne Blanc|FR|w|V|Bourgogne
412,3195416,2023 domaine la soufrandiere saintveran cuvee la combe desroches burgundy france,A,0.723,6,1501705,la soufrandiere — cuvee la combe desroches saintveran,W|Domaine la Soufrandière|Saint-Véran Cuvée La Combe des Roches|FR|w|V|Saint-Véran
413,3553230,2023 domaine mongeard mugneret vosne romanee les maizieres hautes,A,0.463,6,421262,b mugneret gouachon — vosne romanee,W|Domaine Mongeard-Mugneret|Vosne-Romanée Les Maizières Hautes|FR|r|V|Vosne-Romanée
414,2297796,2023 domaine robert chevillon bourgogne passetoutgrains,A,0.759,6,37699,domaine robert chevillon — bourgogne,W|Domaine Robert Chevillon|Bourgogne Passetoutgrains|FR|r|V|Bourgogne
415,3050973,2023 domaine tempier tourtine bandol future arrival,A,0.584,3,50691,domaine tempier — bandol cuvee la tourtine,W|Domaine Tempier|Tourtine Bandol|FR|r|V|Bandol
416,773840,2023 domaine vacheron sancerre blanc,A,0.920,5,31018,domaine vacheron — sancerre les romains,W|Domaine Vacheron|Sancerre Blanc|FR|w|V|Sancerre
417,1105576,2023 domaine vincent wengier chablis,A,0.840,6,1188370,domaine vincent wengier — petit chablis,W|Domaine Vincent Wengier|Chablis|FR|w|V|Chablis
418,270140,2023 durnsteiner burg riesling reserve weingut fj gritsch,B,0.323,5,0,,W|Durnsteiner|Burg Riesling Reserve Weingut FJ Gritsch|AT|w|V|Wachau
419,1741820,2023 envinate vidueno de santiago del teide ycoden daute isora tenerife canary isles,A,0.555,3,842010,envinate — vidueno de santiago del teide,W|Envínate|Vidueño de Santiago del Teide Ycoden-Daute-Isora|ES|w|V|Tenerife
420,1549146,2023 font du loup la ferme du pasteur ko,A,0.525,3,1580829,chateau de la font du loup — beatus chateauneufdupape,W|Font du Loup|La Ferme du Pasteur KO|FR|r|V|Châteauneuf-du-Pape
421,2836142,2023 henri prudhon fils saintaubin 1er cru en remilly,A,0.789,5,53830,henri prudhon fils — saintaubin 1er cru en remilly,W|Henri Prudhon & Fils|Saint-Aubin 1er Cru En Remilly|FR|w|V|Saint-Aubin
422,1700431,2023 koshu kayagatake grace winery,A,0.590,5,1247029,domaine kayagatake — koshu,W|Koshu|Kayagatake Grace Winery|JP|w|V|Japan
423,1741396,2023 menina duva ciste vinho tinto,A,0.655,5,1156976,menina duva — tinto,W|Menina Duva|Ciste Vinho Tinto|PT|r|V|Alentejo
424,1741795,2023 model farm pinot noir alta heights mendocino ridge,A,0.569,4,1616946,model farm — pinot noir,W|Model Farm|Pinot Noir Alta Heights Mendocino Ridge|US|r|V|Mendocino Ridge
425,472142,2023 mystery hunter valley shiraz deal no 5831,A,0.562,6,1242093,mystery — heathcote shiraz,X|Mystery Hunter Valley Shiraz Deal No 5831|N|N|N|N|N
426,3886437,2023 no control,D,0,0,0,,X|No Control|N|N|N|N|N
427,619067,2023 pinot gris,C2,0.483,2,0,,W|Pinot Gris|N|N|N|N|N
428,438111,2023 small lot york rd gamay noir niagara,A,0.458,4,1178092,small island — gamay,W|Small Lot|York Rd Gamay Noir Niagara|CA|r|V|Niagara Peninsula
429,504774,2023 spinifex grenache gris,A,0.855,6,1613638,spinifex — grenache gris,W|Spinifex|Grenache Gris|AU|w|V|Barossa Valley
430,1686191,2023 tablas creek esprit de tablas rouge,A,0.827,4,519824,tablas creek vineyard — esprit de tablas,W|Tablas Creek|Esprit de Tablas Rouge|US|r|V|Paso Robles
431,1231385,2023 the austin winery cerasuolo red,A,0.488,5,495062,cerasuolo — valle dei monaci,W|The Austin Winery|Cerasuolo Red|US|r|V|California
432,615122,2023 torbreck the struie shiraz,A,0.753,5,6510,torbreck — the struie,W|Torbreck|The Struie Shiraz|AU|r|V|Barossa Valley
433,449314,2023 unico zelo alluvium fiano,A,0.753,5,781814,unico zelo — alluvium,W|Unico Zelo|Alluvium Fiano|AU|w|V|Adelaide Hills
434,2378077,2024 attwoods vin de folie victoria white blend chardonnaypinot gris,A,0.600,5,1358370,attwoods — vin de folie blanc,W|Attwoods|Vin de Folie Victoria White Blend|AU|w|V|Victoria
435,1340436,2024 bouchard finlayson sauvignon blanc walker bay,A,0.697,6,10187,bouchard finlayson — sauvignon blanc,W|Bouchard Finlayson|Sauvignon Blanc Walker Bay|ZA|w|V|Walker Bay
436,451079,2024 cape wild sauvignon blanc,A,0.698,5,1473663,cape 1652 — sauvignon blanc,W|Cape Wild|Sauvignon Blanc|ZA|w|V|Western Cape
437,1060953,2024 chateau levangile pomerol,A,0.775,5,32866,chateau levangile — pomerol,W|Château Levangile|Pomerol|FR|r|V|Pomerol
438,2677529,2024 chateau talbot saintjulien 4eme grand cru classe,A,0.418,3,18121,chateau talbot — saintjulien grand cru classe,W|Château Talbot|Saint-Julien 4ème Grand Cru Classé|FR|r|V|Saint-Julien
439,2026182,2024 cristom mt jefferson cuvee pinot noir,A,0.866,7,372980,cristom — mt jefferson cuvee pinot noir,W|Cristom|Mt Jefferson Cuvée Pinot Noir|US|r|V|Willamette Valley
440,3880815,2024 francois dhumes amor invictus,A,0.530,1,1734642,francois dhumes — amor invictus,W|François Dhumes|Amor Invictus|FR|r|V|Languedoc
441,1025993,2024 glow glow spatburgunder bio,B,0.250,3,0,,W|Glow Glow|Spatburgunder Bio|DE|r|V|Pfalz
442,3886695,2024 marcel richaud,D,0,0,0,,X|Marcel Richaud|N|N|N|N|N
443,1016966,2024 mitchelton estate single vineyard chardonnay,A,0.733,5,490248,mitchelton — chardonnay,W|Mitchelton|Estate Single Vineyard Chardonnay|AU|w|V|Nagambie Lakes
444,3656323,2024 quintodecimo exultet fiano di avellino,A,0.783,5,240133,quintodecimo — exultet fiano di avellino,W|Quintodecimo|Exultet Fiano di Avellino|IT|w|V|Fiano di Avellino
445,3887627,2024 sauvignon blanc,A,0.563,3,1059435,vilagi — sauvignon blanc,W|Sauvignon Blanc|N|N|N|N|N
446,990250,2024 terra sara verdejo,A,0.448,4,1145150,can terra ibiza — besos verdejo,W|Terra Sara|Verdejo|ES|w|V|Rueda
447,1699291,2024 the wolftrap white boekenhoutskloof,A,0.840,4,52843,boekenhoutskloof — the wolftrap white blend,W|The Wolftrap|White Boekenhoutskloof|ZA|w|V|Swartland
448,451718,2024 vignerons schmolzer brown king valley chardonnay,A,0.721,5,1613856,vignerons schmolzer brown — chardonnay,W|Vignerons Schmolzer Brown|King Valley Chardonnay|AU|w|V|King Valley
449,741033,2024 windesheim riesling s trocken,B,0.400,3,0,,W|Windesheim|Riesling S Trocken|DE|w|V|Pfalz
450,536596,2024 windowrie pig in the house cabernet sauvignon,A,0.538,5,1390717,windowrie — cowra cabernet sauvignon,W|Windowrie|Pig in the House Cabernet Sauvignon|AU|r|V|Orange
451,886855,2024 zweigelt exklusiv weingut hirtl,A,0.523,3,1159844,weingut latschka — zweigelt exklusiv,W|Weingut Hirtl|Zweigelt Exklusiv|AT|r|V|Neusiedlersee
452,360439,2025 luna rosa rosado 12 pack,A,0.453,6,1121234,pozo de luna — nebbiolo rosado,W|??|Luna Rosa Rosado|??|p|N|
453,1989625,2025 mauricio flores,A,0.582,3,1041057,mauricio lorca — vista flores malbec,W|Mauricio Flores|??|CL|r|N|
454,367579,2025 printhie mountain range sauvignon blanc 12 pack,A,0.608,6,14189,printhie — sauvignon blanc,W|Printhie|Mountain Range Sauvignon Blanc|AU|w|V|Orange
455,2568840,2025 the doctors rose,A,0.855,5,732720,the doctors — rose,W|The Doctors|Rose|ZA|p|V|Western Cape
456,3219276,20250413 marisca johannisen leopards leap wines pty ltd,C2,0.092,1,0,,W|Leopards Leap Wines Pty Ltd|Marisca Johannisen|ZA|w|N|
457,3579442,20260220 pick,D,0,1,0,,X
458,1326737,20260528 20002130,D,0,0,0,,X
459,4063829,21 years old 529,A,0.500,2,330529,years — red,S|??|??|??|??|??|
460,413166,24 34 2935 mm,D,0,0,0,,X
461,2989606,24 ice frozen cocktails strawberry daiquiri 50 pack,A,0.371,2,1278125,frozen wines — frozen,X
462,3320747,243 lefort triple,C2,0.433,2,0,,S|Lefort|Triple|BE|??|??|
463,2836822,24k gold leaf bear size 75 inches,C2,0.356,2,0,,X
464,3046702,25000 no1110,D,0,0,0,,X
465,3075647,271022 au fil de soi rouge guld,C2,0,1,0,,W|??|Au Fil de Soi Rouge Guld|FR|r|N|
466,3888500,2717 13oz,D,0,0,0,,X
467,3342161,2nd pez 2021,D,0,0,0,,W|Pez|2nd|ES|r|N|
468,1681859,3 208 mgzavrebi,D,0,0,0,,W|??|Mgzavrebi|GE|r|N|
469,604561,3 beruhmte italiener,D,0,0,0,,X
470,1504176,3 fruit power,D,0,0,0,,X
471,3880202,322000 nv11,D,0,0,0,,X
472,3900477,32off world pinot noir 5 bottles set,C2,0.168,1,0,,W|??|World Pinot Noir|??|r|N|
473,3939637,33 acres fluffy cloud,C2,0.300,2,0,,W|33 Acres|Fluffy Cloud|CA|??|N|
474,130947,35cinco blanco de cereza finca pastorelli 2024,A,0.496,5,1537729,35cinco — torrontes de hilario,W|Finca Pastorelli|35 Cinco Blanco de Cereza|ES|w|N|
475,691089,3er geschenkkarton schwarz weinzubehor,D,0,0,0,,X
476,3915345,3kg mix de biscuiti 5 tipuri cate 2 bucati biscottini,D,0,0,0,,X
477,3714169,4 1000,D,0,0,0,,X
478,3873969,40 26 2020by,D,0,0,0,,W|??|??|??|??|N|
479,349611,42 degrees south chardonnay 2025,A,0.670,5,170644,30 degrees — chardonnay,W|42 Degrees South|Chardonnay|AU|w|V|Tasmania
480,3485191,5 500gr,D,0,0,0,,X
481,402685,5 masseria altemura,D,0,0,0,,W|Masseria Altemura|5|IT|r|N|
482,2563099,5 may tone toast,C2,0.308,2,0,,X
483,2516691,5 year old cask strength single malt,D,0,0,0,,S|??|Cask Strength Single Malt|??|??|??|
484,3873755,50 29,D,0,0,0,,X
485,1352446,50 crystal uhd u8000f 4k smart tv 2025,C2,0.383,2,0,,X
486,1740504,500 shower gel pineapple lemon eco sante,D,0,0,0,,X
487,3588732,53 2012 gift box with glasses,A,0.525,3,1338490,gift box — red,X
488,2837911,5pcs set easter cute bunny balloons,D,0,0,0,,X
489,3485694,6 480gr,D,0,0,0,,X
490,33199,6 estuches individuales encuentro malbec,C2,0.129,1,0,,W|Encuentro|Malbec|AR|r|V|Mendoza
491,3898737,612domaine camille thiriet bourgogne aligote le jardin blanc 2023,A,0.598,3,1313967,domaine thiriet — aligote du jardin,W|Domaine Camille Thiriet|Le Jardin Blanc Bourgogne Aligoté|FR|w|V|Bourgogne
492,407,689 white wine,A,0.787,1,203346,689 six eight nine — white,W|??|White Wine|??|w|N|
493,199581,6er box zweigelt reserve ried haidberg 2020,C2,0.143,2,0,,W|??|Zweigelt Reserve Ried Haidberg|AT|r|N|
494,687527,6erpaket primitivo weinpakete,C2,0,1,0,,W|??|Primitivo|IT|r|N|
495,168983,6pc sheep cupcakes collection,D,0,0,0,,X
496,2021820,7 vidas lucky enough,D,0,0,0,,W|7 Vidas|Lucky Enough|ES|??|N|
497,3715943,72 divine names ball pendant,D,0,0,0,,X
498,3456683,7days mini croissant cocoa 103gr,C2,0.390,2,0,,X
499,3079763,8 sticle gruner veltliner vom wagram 2025 gold,B,0.278,3,0,,W|??|Grüner Veltliner vom Wagram Gold|AT|w|N|
500,1441436,81 botas de barro toro,A,0.760,2,756365,botas de barro — tinta de toro,W|Botas de Barro|Toro|ES|r|N|
501,3823488,90 capsule caffe borbone nero compatibili nescafe dolce gusto,D,0,0,0,,X
502,3568258,a dream of scotland cigar malt 14yo 2024 the tasteful 8 refill px sherry quarter 506,D,0,0,0,,S|The Tasteful|A Dream of Scotland Cigar Malt 14yo|??|??|??|
503,1703836,a los vinateros bravos granitico cinsault 2021,A,0.533,2,786875,a los vinateros bravos — granitico cinsault,W|A los Vinateros Bravos|Granitico Cinsault|ES|r|V|Itata Valley
504,1753919,a mix of our wines,D,0,0,0,,W|??|A Mix of Our Wines|??|??|N|
505,519291,a moreau 23 bourg blanc 2023,B,0.335,3,0,,W|A. Moreau|Bourgogne Blanc|FR|w|V|Bourgogne
506,2393802,a pequena vadrouilha,D,0,0,0,,X
507,3683263,a pie de tierra gre2 garnacha spain 2023,A,0.323,2,1236160,txerovid — tierra de flores garnacha,W|A Pie de Tierra|GRE2 Garnacha|ES|r|N|
508,1625719,a the original regular 295 g,D,0,0,0,,X
509,1266985,a to z wineworks rose wine oregon 2024 12 bottles,A,0.334,4,4546,a to z wineworks — rose,W|A to Z Wineworks|Rose Wine|US|p|V|Oregon
510,3897196,a10eaac1a34aaeaaa3aa14aae2a a1aaa set7,D,0,0,0,,X
511,3197564,a2 mixed flowers and lilies in a glass vase,C2,0.346,2,0,,X
512,3897045,a4eaac1a34aaeaaa3aa14aae2a a1aaa set6,D,0,0,0,,X
513,3892715,aaaa14aaa aaa14a1aaa3a 2018,C2,0,1,0,,W|??|??|??|??|N|
514,3896857,aaaaaaa aa a1aaa3 a aa aaaaa3aaaa3 a aa aaaa aa14aa aaa aaa14ao 2024,C2,0,1,0,,W|??|??|??|??|N|
515,2559292,aalborg jubilaem akvavit,D,0,0,0,,S|Aalborg|Jubilæum Akvavit|DK|??|??|
516,3985919,aaldering lady m 2024,A,0.767,3,212244,aaldering — lady m,W|Aaldering|Lady M|ZA|w|V|Stellenbosch
517,2821831,abadia retuerta pago garduna,A,0.800,2,15374,abadia retuerta — pago garduna,W|Abadia Retuerta|Pago Garduña|ES|r|V|Castilla y León
518,2110163,abanico reserva vino tinto vino de portugal,A,0.580,4,1211509,abanico — tinto,W|??|Reserva Vino Tinto|PT|r|N|
519,3724232,abbazia di novacella muller thurgau 2022,A,0.755,3,18815,abbazia di novacella stiftskellerei neustift — muller thurgau,W|Abbazia di Novacella|Müller Thurgau|IT|w|V|Alto Adige
520,3313564,abbotts delaunay grenache rose les fruits et fleurs sauvages,A,0.639,5,1144191,abbotts delaunay — les fruits sauvages chardonnay,W|Abbotts Delaunay|Les Fruits et Fleurs Sauvages Grenache Rosé|FR|p|N|
521,2688681,aberfeldy 25yo,D,0,0,0,,S|Aberfeldy|25yo|GB|??|??|
522,2999760,aberlour 18 ani blended 43,D,0,0,0,,S|Aberlour|18 Ani Blended|??|??|??|
523,752045,abril edition johannes pinot noir 2019,A,0.703,6,1304870,abril — zeit reserve pinot noir,W|Johannes|Pinot Noir Abril Edition|DE|r|N|
524,3316936,abuelo centuria,C2,0.158,1,0,,S|Abuelo|Centuria|PA|??|??|
525,3607355,acacia silicone slotted turner,D,0,0,0,,X
526,1118677,acclaimed napa red blend 2020,A,0.587,6,1381687,acclaimed — red,W|??|Napa Red Blend|US|r|N|
527,2482115,accomasso 2014 barolo annunziata,A,0.815,6,1092140,lorenzo accomasso — annunziata barolo riserva,W|Accomasso|Barolo Annunziata 2014|IT|r|V|Barolo
528,1466454,accordini le bessole passito rosso del veneto 2018,A,0.788,5,1167481,accordini — le bessole passito rosso del veneto,W|Accordin|Le Bessole Passito Rosso del Veneto|IT|r|V|Veneto
529,1808461,ace one premium chardonnay,A,0.688,1,169539,ace one — chardonnay,W|Ace One|Premium Chardonnay|??|w|N|
530,25481,aceite de calendula cuba eco house,D,0,0,0,,X
531,1529948,aceite de coco,D,0,0,0,,X
532,288999,aceite dv catena blend de la familia caja x 12un de 250cc,D,0,0,0,,X
533,2851017,aceite frito mac maravilla de girasol y maiz,D,0,0,0,,X
534,2064319,aceite no filtrado,D,0,0,0,,X
535,1604429,aceite riquisimo,D,0,0,0,,X
536,1889237,aceite vegetal pam original spray 226g,D,0,0,0,,X
537,27219,aceite zuelo organico x,D,0,0,0,,X
538,2994875,aceitunas verdes sin carozo 200 grs rio de la plata,D,0,0,0,,X
539,1280397,acetaia paltrinieri aceto balsamico,C2,0.413,2,0,,X
540,1192375,acon seleccion,A,0.675,3,83109,abadia de acon — reserva,W|Acon|Seleccion|ES|r|N|
541,264627,acondicionador fructis regarga nutritiva,D,0,0,0,,X
542,200368,activador crema issue 30 volumenes,D,0,0,0,,X
543,2733826,add 8x butterflies,D,0,0,0,,X
544,3202913,add to basket,C2,0.367,2,0,,X
545,158507,add which portuguese red wines,B,0.245,3,0,,W|??|Portuguese Red Wines|PT|r|N|
546,1258332,adesivo para olhos beauty pro retinol 35g 3un,D,0,0,0,,X
547,2939864,adidas reloj aosy22068,D,0,0,0,,X
548,2265008,adn alvarinho,C2,0.175,1,0,,W|Adn|Alvarinho|PT|w|N|
549,1329304,adobe chardonnay reserva,A,0.813,5,229001,adobe road — chardonnay,W|Adobe|Chardonnay Reserva|CL|w|V|Casablanca Valley
550,1457511,adriano grasso barbera dasti docg 2024 kologisk,A,0.641,6,836528,adriano grasso — barbera dasti,W|Alessandro Grassi|Barbera d'Asti DOCG|IT|r|N|
551,1689833,adulting bubbly white,C2,0.182,1,0,,W|Adulting|Bubbly White|??|s|N|
552,1041888,aequitas vineyards gaps crown vineyard pinot noir sonoma coast usa 2022,B,0.284,7,0,,W|Aequitas Vineyards|Gaps Crown Vineyard Pinot Noir|US|r|V|Sonoma Coast
553,3709912,afikoman cappuccino biscuits 180g,D,0,0,0,,X
554,3694714,african sweety,A,0.508,2,56786,african winery — pinotage,W|African|Sweety|??|??|N|
555,3718386,after eight mints ref 12498375 ref938466 400gr box 12,C2,0.330,2,0,,X
556,2456333,after shave gillette hydratessoothes,D,0,0,0,,X
557,4068850,age siglo saco 1928,A,0.633,3,799434,age — siglo,S|Age|Siglo Saco 1928|ES|??|??|
558,2801338,agerre txakolina,A,0.847,4,194735,agerre — getariako txakolina,W|Agerre|Txakolina|ES|w|V|Getariako Txakolina
559,3451786,agkalli grizo prasino,D,0,0,0,,W|Agkalli|Grizo Prasino|GR|??|N|
560,1363442,aglio olio e peperoncino krajeny cesnek s chilli v oleji 180g,D,0,0,0,,X
561,2415038,agora greek koroneiki evoo 2 liter,D,0,0,0,,X
562,2099609,agricola brandini langhe nebbiolo filari corti,A,0.480,5,1128351,azienda agricola gallino giuseppe — langhe nebbiolo,W|Agricola Brandini|Langhe Nebbiolo Filari Corti|IT|r|N|
563,1215069,agua crystal sem gas pet,C2,0.373,2,0,,X
564,2459375,agua luso,C2,0.383,2,0,,X
565,2428542,agua sem gas vitalis,C2,0.271,2,0,,X
566,28479,agua xuma con gas pet 500 cc,C2,0.231,2,0,,S|Aguardiente Antioqueño|Azul Sin Azucar|CO|??|??|
567,1619540,aguardiente antioqueno azul sin azucar cuarto,D,0,0,0,,S|Aguardiente Nectar|Azul 14|CO|??|??|
568,1582086,aguardiente nectar azul 14,D,0,0,0,,W|Ah Ramon|Rouge|FR|r|N|
569,3353358,ah ramon rouge 2017,A,0.738,4,1092521,ramon roqueta — minorisa,S|A.H. Riise|Family Reserve Solera 1838|??|??|??|
570,2603671,ah riise family reserve solera 1838,C2,0.433,2,0,,W|Aiora|Assyrtiko Xinomavro Malagousia|GR|??|N|
571,1395767,aiora assyrtiko xinomavro malagousia,C2,0.293,2,0,,S|Akkeshi|New Born Foundations 4|JP|??|??|
572,3518970,akkeshi new born foundations 4,D,0,0,0,,X
573,3902545,al sultan 02,D,0,0,0,,X
574,2960474,al wataniah body mist oud myst int,D,0,0,0,,W|Alain Corcia|Nuits-Saint-Georges Premier Cru Les Vaucrains|FR|r|V|Nuits-Saint-Georges
575,1773612,alain corcia nuitssaintgeorges premier cru les vaucrains 2017,A,0.467,2,1502445,domaine raphael et alain corcia — beaune 1er cru les marconnets,W|Alain Graillot|Saint-Joseph Rouge|FR|r|V|Saint-Joseph
576,1199161,alain graillot saintjoseph rouge 2021,A,0.507,5,1206362,alain paret — domaine de la couthiat saintjoseph,W|Alamos|Malbec|AR|r|V|Mendoza
577,1657654,alamos malbec,A,0.880,4,893,alamos — malbec,X
578,1609932,albahaca 1u,D,0,0,0,,W|Albamar|O Esteiro Mencia|ES|r|V|Ribeira Sacra
579,2154540,albamar o esteiro mencia,A,0.697,5,1311683,albamar — o esteiro caino,W|Albert Boxler|Sommerberg GC Riesling|FR|w|V|Alsace Grand Cru
580,346905,albert boxler sommerberg gc riesling,A,0.737,1,522307,albert boxler — riesling alsace grand cru sommerberg,W|Albin Jacumin|Châteauneuf-du-Pape Blanc|FR|w|V|Châteauneuf-du-Pape
581,1817245,albin jacumin aop chateauneuf du pape blanc 2024,A,0.545,5,1651018,domaine albin jacumin — 100 pour 100 clairette chateauneufdupape blanc,W|Albino Armani|Recioto della Valpolicella|IT|d|V|Valpolicella
582,3011389,albino armani recioto della valpolicella red sweet 13 075,A,0.656,4,464874,albino armani — recioto della valpolicella,W|Aldo Conterno|Barolo Bussia|IT|r|V|Barolo
583,219743,aldo conterno barolo bussia 2021,A,0.860,5,16239,aldo conterno — barolo bussia,W|Alessandro Viola|Pas Dose Blanc de Blancs|IT|s|V|Sicilia
584,360213,alessandro viola pas dose blanc de blancs 2023,A,0.482,5,1208158,alessandro viola — rose,X
585,175517,alessi thin breadsticks,D,0,0,0,,W|Alex Gambal|Charmes-Chambertin Grand Cru|FR|r|V|Charmes-Chambertin
586,1441916,alex gambal charmeschambertin grand cru 2014,A,0.863,4,258064,alex gambal — charmeschambertin grand cru,W|Alex K|Five Boroughs Central Otago Pinot Noir|NZ|r|N|
587,2490084,alex k five boroughs central otago pinot noir 2018 export label by kalex wines,A,0.313,5,1591647,alex moreau — bourgogne pinot noir,W|Alfa Crux|Crux XTRA Cabernet Franc|AR|r|N|
588,215938,alfa crux crux xtra cabernet franc,A,0.800,3,1337363,alfa crux — crux xtra cabernet franc,W|Alheit Vineyards|Hereafter Here Chenin Blanc|ZA|w|V|Stellenbosch
589,669306,alheit vineyards hereafter here chenin blanc,A,0.880,5,1386857,alheit vineyards — hereafter here chenin blanc,W|Alianca|Bairrada Reserva|PT|r|N|
590,1980784,alianca bairrada reserva 1997,A,0.775,4,173177,alianca — bairrada reserva,W|Alice|2025|IT|??|N|
591,3772713,alice 2025 igt salento produttori di manduria,B,0.389,5,0,,X
592,1104844,alize apple,A,0.508,2,1192110,alize — red passion,X
593,2256247,alize bleu,A,0.508,2,1192110,alize — red passion,W|Alkoomi|Frankland River Cabernet Sauv|AU|r|V|Frankland River
594,463869,alkoomi frankland river cabernet sauv,A,0.480,3,418107,frankland estate — cabernet sauvignon,X
595,1694756,all the bitter new orleans nonalcoholic bitters,D,0,0,0,,X
596,3451553,allegrini palazzo della torre 2014,A,0.760,3,4487,allegrini — palazzo della torre,W|Allegrini|Palazzo della Torre|IT|r|V|Veneto
597,2641795,allegrini soave 2019,A,0.847,4,81246,allegrini — soave,W|Allegrini|Soave|IT|w|V|Soave
598,3526323,allies merricks chardonnay 2018,A,0.633,4,328947,merricks — chardonnay,W|Allies Merricks|Chardonnay|AU|w|N|
599,381473,allways muschio bianco 1,C2,0,1,0,,X
600,1900853,almejas blancas al natural samare classics,C2,0.102,1,0,,X
